-- phpMyAdmin SQL Dump
-- version 4.5.4.1deb2ubuntu2
-- http://www.phpmyadmin.net
--
-- Host: localhost
-- Generation Time: Apr 19, 2018 at 06:47 PM
-- Server version: 5.7.21-0ubuntu0.16.04.1
-- PHP Version: 7.0.28-0ubuntu0.16.04.1

SET SQL_MODE = "NO_AUTO_VALUE_ON_ZERO";
SET time_zone = "+00:00";


/*!40101 SET @OLD_CHARACTER_SET_CLIENT=@@CHARACTER_SET_CLIENT */;
/*!40101 SET @OLD_CHARACTER_SET_RESULTS=@@CHARACTER_SET_RESULTS */;
/*!40101 SET @OLD_COLLATION_CONNECTION=@@COLLATION_CONNECTION */;
/*!40101 SET NAMES utf8mb4 */;

--
-- Database: `testing`
--

DELIMITER $$
--
-- Procedures
--
CREATE DEFINER=`root`@`localhost` PROCEDURE `getAllUsers` ()  BEGIN
    	SELECT name from users;
    END$$

CREATE DEFINER=`root`@`localhost` PROCEDURE `GetParticularUser` ()  BEGIN
    	SELECT * from users WHERE id = 2 ;
    END$$

DELIMITER ;

-- --------------------------------------------------------

--
-- Table structure for table `countries`
--

CREATE TABLE `countries` (
  `id` bigint(20) NOT NULL,
  `name` varchar(255) NOT NULL,
  `dial_code` varchar(255) NOT NULL,
  `code` varchar(255) NOT NULL,
  `created_at` timestamp NOT NULL DEFAULT CURRENT_TIMESTAMP,
  `updated_at` timestamp NOT NULL DEFAULT CURRENT_TIMESTAMP ON UPDATE CURRENT_TIMESTAMP,
  `deleted_at` timestamp NULL DEFAULT NULL
) ENGINE=InnoDB DEFAULT CHARSET=latin1;

--
-- Dumping data for table `countries`
--

INSERT INTO `countries` (`id`, `name`, `dial_code`, `code`, `created_at`, `updated_at`, `deleted_at`) VALUES
(1, 'Afghanistan', '+93', 'AF', '2018-01-16 09:05:31', '2018-01-16 09:05:31', NULL),
(2, 'Albania', '+355', 'AL', '2018-01-16 09:05:31', '2018-01-16 09:05:31', NULL),
(3, 'Algeria', '+213', 'DZ', '2018-01-16 09:05:31', '2018-01-16 09:05:31', NULL),
(4, 'AmericanSamoa', '+1 684', 'AS', '2018-01-16 09:05:31', '2018-01-16 09:05:31', NULL),
(5, 'Andorra', '+376', 'AD', '2018-01-16 09:05:31', '2018-01-16 09:05:31', NULL),
(6, 'Angola', '+244', 'AO', '2018-01-16 09:05:31', '2018-01-16 09:05:31', NULL),
(7, 'Anguilla', '+1 264', 'AI', '2018-01-16 09:05:31', '2018-01-16 09:05:31', NULL),
(8, 'Antigua and Barbuda', '+1268', 'AG', '2018-01-16 09:05:31', '2018-01-16 09:05:31', NULL),
(9, 'Argentina', '+54', 'AR', '2018-01-16 09:05:31', '2018-01-16 09:05:31', NULL),
(10, 'Armenia', '+374', 'AM', '2018-01-16 09:05:31', '2018-01-16 09:05:31', NULL),
(11, 'Aruba', '+297', 'AW', '2018-01-16 09:05:31', '2018-01-16 09:05:31', NULL),
(12, 'Australia', '+61', 'AU', '2018-01-16 09:05:31', '2018-01-16 09:05:31', NULL),
(13, 'Austria', '+43', 'AT', '2018-01-16 09:05:31', '2018-01-16 09:05:31', NULL),
(14, 'Azerbaijan', '+994', 'AZ', '2018-01-16 09:05:31', '2018-01-16 09:05:31', NULL),
(15, 'Bahamas', '+1 242', 'BS', '2018-01-16 09:05:31', '2018-01-16 09:05:31', NULL),
(16, 'Bahrain', '+973', 'BH', '2018-01-16 09:05:31', '2018-01-16 09:05:31', NULL),
(17, 'Bangladesh', '+880', 'BD', '2018-01-16 09:05:31', '2018-01-16 09:05:31', NULL),
(18, 'Barbados', '+1 246', 'BB', '2018-01-16 09:05:31', '2018-01-16 09:05:31', NULL),
(19, 'Belarus', '+375', 'BY', '2018-01-16 09:05:31', '2018-01-16 09:05:31', NULL),
(20, 'Belgium', '+32', 'BE', '2018-01-16 09:05:31', '2018-01-16 09:05:31', NULL),
(21, 'Belize', '+501', 'BZ', '2018-01-16 09:05:31', '2018-01-16 09:05:31', NULL),
(22, 'Benin', '+229', 'BJ', '2018-01-16 09:05:31', '2018-01-16 09:05:31', NULL),
(23, 'Bermuda', '+1 441', 'BM', '2018-01-16 09:05:31', '2018-01-16 09:05:31', NULL),
(24, 'Bhutan', '+975', 'BT', '2018-01-16 09:05:31', '2018-01-16 09:05:31', NULL),
(25, 'Bosnia and Herzegovina', '+387', 'BA', '2018-01-16 09:05:31', '2018-01-16 09:05:31', NULL),
(26, 'Botswana', '+267', 'BW', '2018-01-16 09:05:31', '2018-01-16 09:05:31', NULL),
(27, 'Brazil', '+55', 'BR', '2018-01-16 09:05:31', '2018-01-16 09:05:31', NULL),
(28, 'British Indian Ocean Territory', '+246', 'IO', '2018-01-16 09:05:31', '2018-01-16 09:05:31', NULL),
(29, 'Bulgaria', '+359', 'BG', '2018-01-16 09:05:31', '2018-01-16 09:05:31', NULL),
(30, 'Burkina Faso', '+226', 'BF', '2018-01-16 09:05:31', '2018-01-16 09:05:31', NULL),
(31, 'Burundi', '+257', 'BI', '2018-01-16 09:05:31', '2018-01-16 09:05:31', NULL),
(32, 'Cambodia', '+855', 'KH', '2018-01-16 09:05:31', '2018-01-16 09:05:31', NULL),
(33, 'Cameroon', '+237', 'CM', '2018-01-16 09:05:31', '2018-01-16 09:05:31', NULL),
(34, 'Canada', '+1', 'CA', '2018-01-16 09:05:31', '2018-01-16 09:05:31', NULL),
(35, 'Cape Verde', '+238', 'CV', '2018-01-16 09:05:31', '2018-01-16 09:05:31', NULL),
(36, 'Cayman Islands', '+ 345', 'KY', '2018-01-16 09:05:31', '2018-01-16 09:05:31', NULL),
(37, 'Central African Republic', '+236', 'CF', '2018-01-16 09:05:31', '2018-01-16 09:05:31', NULL),
(38, 'Chad', '+235', 'TD', '2018-01-16 09:05:31', '2018-01-16 09:05:31', NULL),
(39, 'Chile', '+56', 'CL', '2018-01-16 09:05:31', '2018-01-16 09:05:31', NULL),
(40, 'China', '+86', 'CN', '2018-01-16 09:05:31', '2018-01-16 09:05:31', NULL),
(41, 'Christmas Island', '+61', 'CX', '2018-01-16 09:05:31', '2018-01-16 09:05:31', NULL),
(42, 'Colombia', '+57', 'CO', '2018-01-16 09:05:31', '2018-01-16 09:05:31', NULL),
(43, 'Comoros', '+269', 'KM', '2018-01-16 09:05:31', '2018-01-16 09:05:31', NULL),
(44, 'Congo', '+242', 'CG', '2018-01-16 09:05:31', '2018-01-16 09:05:31', NULL),
(45, 'Cook Islands', '+682', 'CK', '2018-01-16 09:05:31', '2018-01-16 09:05:31', NULL),
(46, 'Costa Rica', '+506', 'CR', '2018-01-16 09:05:31', '2018-01-16 09:05:31', NULL),
(47, 'Croatia', '+385', 'HR', '2018-01-16 09:05:31', '2018-01-16 09:05:31', NULL),
(48, 'Cuba', '+53', 'CU', '2018-01-16 09:05:31', '2018-01-16 09:05:31', NULL),
(49, 'Cyprus', '+537', 'CY', '2018-01-16 09:05:31', '2018-01-16 09:05:31', NULL),
(50, 'Czech Republic', '+420', 'CZ', '2018-01-16 09:05:31', '2018-01-16 09:05:31', NULL),
(51, 'Denmark', '+45', 'DK', '2018-01-16 09:05:31', '2018-01-16 09:05:31', NULL),
(52, 'Djibouti', '+253', 'DJ', '2018-01-16 09:05:31', '2018-01-16 09:05:31', NULL),
(53, 'Dominica', '+1 767', 'DM', '2018-01-16 09:05:31', '2018-01-16 09:05:31', NULL),
(54, 'Dominican Republic', '+1 849', 'DO', '2018-01-16 09:05:31', '2018-01-16 09:05:31', NULL),
(55, 'Ecuador', '+593', 'EC', '2018-01-16 09:05:31', '2018-01-16 09:05:31', NULL),
(56, 'Egypt', '+20', 'EG', '2018-01-16 09:05:31', '2018-01-16 09:05:31', NULL),
(57, 'El Salvador', '+503', 'SV', '2018-01-16 09:05:31', '2018-01-16 09:05:31', NULL),
(58, 'Equatorial Guinea', '+240', 'GQ', '2018-01-16 09:05:31', '2018-01-16 09:05:31', NULL),
(59, 'Eritrea', '+291', 'ER', '2018-01-16 09:05:31', '2018-01-16 09:05:31', NULL),
(60, 'Estonia', '+372', 'EE', '2018-01-16 09:05:31', '2018-01-16 09:05:31', NULL),
(61, 'Ethiopia', '+251', 'ET', '2018-01-16 09:05:31', '2018-01-16 09:05:31', NULL),
(62, 'Faroe Islands', '+298', 'FO', '2018-01-16 09:05:31', '2018-01-16 09:05:31', NULL),
(63, 'Fiji', '+679', 'FJ', '2018-01-16 09:05:31', '2018-01-16 09:05:31', NULL),
(64, 'Finland', '+358', 'FI', '2018-01-16 09:05:31', '2018-01-16 09:05:31', NULL),
(65, 'France', '+33', 'FR', '2018-01-16 09:05:31', '2018-01-16 09:05:31', NULL),
(66, 'French Guiana', '+594', 'GF', '2018-01-16 09:05:31', '2018-01-16 09:05:31', NULL),
(67, 'French Polynesia', '+689', 'PF', '2018-01-16 09:05:31', '2018-01-16 09:05:31', NULL),
(68, 'Gabon', '+241', 'GA', '2018-01-16 09:05:31', '2018-01-16 09:05:31', NULL),
(69, 'Gambia', '+220', 'GM', '2018-01-16 09:05:31', '2018-01-16 09:05:31', NULL),
(70, 'Georgia', '+995', 'GE', '2018-01-16 09:05:31', '2018-01-16 09:05:31', NULL),
(71, 'Germany', '+49', 'DE', '2018-01-16 09:05:31', '2018-01-16 09:05:31', NULL),
(72, 'Ghana', '+233', 'GH', '2018-01-16 09:05:31', '2018-01-16 09:05:31', NULL),
(73, 'Gibraltar', '+350', 'GI', '2018-01-16 09:05:31', '2018-01-16 09:05:31', NULL),
(74, 'Greece', '+30', 'GR', '2018-01-16 09:05:31', '2018-01-16 09:05:31', NULL),
(75, 'Greenland', '+299', 'GL', '2018-01-16 09:05:31', '2018-01-16 09:05:31', NULL),
(76, 'Grenada', '+1 473', 'GD', '2018-01-16 09:05:31', '2018-01-16 09:05:31', NULL),
(77, 'Guadeloupe', '+590', 'GP', '2018-01-16 09:05:31', '2018-01-16 09:05:31', NULL),
(78, 'Guam', '+1 671', 'GU', '2018-01-16 09:05:31', '2018-01-16 09:05:31', NULL),
(79, 'Guatemala', '+502', 'GT', '2018-01-16 09:05:31', '2018-01-16 09:05:31', NULL),
(80, 'Guinea', '+224', 'GN', '2018-01-16 09:05:31', '2018-01-16 09:05:31', NULL),
(81, 'Guinea-Bissau', '+245', 'GW', '2018-01-16 09:05:31', '2018-01-16 09:05:31', NULL),
(82, 'Guyana', '+595', 'GY', '2018-01-16 09:05:31', '2018-01-16 09:05:31', NULL),
(83, 'Haiti', '+509', 'HT', '2018-01-16 09:05:31', '2018-01-16 09:05:31', NULL),
(84, 'Honduras', '+504', 'HN', '2018-01-16 09:05:31', '2018-01-16 09:05:31', NULL),
(85, 'Hungary', '+36', 'HU', '2018-01-16 09:05:31', '2018-01-16 09:05:31', NULL),
(86, 'Iceland', '+354', 'IS', '2018-01-16 09:05:31', '2018-01-16 09:05:31', NULL),
(87, 'India', '+91', 'IN', '2018-01-16 09:05:31', '2018-01-16 09:05:31', NULL),
(88, 'Indonesia', '+62', 'ID', '2018-01-16 09:05:31', '2018-01-16 09:05:31', NULL),
(89, 'Iraq', '+964', 'IQ', '2018-01-16 09:05:31', '2018-01-16 09:05:31', NULL),
(90, 'Ireland', '+353', 'IE', '2018-01-16 09:05:31', '2018-01-16 09:05:31', NULL),
(91, 'Israel', '+972', 'IL', '2018-01-16 09:05:31', '2018-01-16 09:05:31', NULL),
(92, 'Italy', '+39', 'IT', '2018-01-16 09:05:31', '2018-01-16 09:05:31', NULL),
(93, 'Jamaica', '+1 876', 'JM', '2018-01-16 09:05:31', '2018-01-16 09:05:31', NULL),
(94, 'Japan', '+81', 'JP', '2018-01-16 09:05:31', '2018-01-16 09:05:31', NULL),
(95, 'Jordan', '+962', 'JO', '2018-01-16 09:05:31', '2018-01-16 09:05:31', NULL),
(96, 'Kazakhstan', '+7 7', 'KZ', '2018-01-16 09:05:31', '2018-01-16 09:05:31', NULL),
(97, 'Kenya', '+254', 'KE', '2018-01-16 09:05:31', '2018-01-16 09:05:31', NULL),
(98, 'Kiribati', '+686', 'KI', '2018-01-16 09:05:31', '2018-01-16 09:05:31', NULL),
(99, 'Kuwait', '+965', 'KW', '2018-01-16 09:05:31', '2018-01-16 09:05:31', NULL),
(100, 'Kyrgyzstan', '+996', 'KG', '2018-01-16 09:05:31', '2018-01-16 09:05:31', NULL),
(101, 'Latvia', '+371', 'LV', '2018-01-16 09:05:31', '2018-01-16 09:05:31', NULL),
(102, 'Lebanon', '+961', 'LB', '2018-01-16 09:05:31', '2018-01-16 09:05:31', NULL),
(103, 'Lesotho', '+266', 'LS', '2018-01-16 09:05:31', '2018-01-16 09:05:31', NULL),
(104, 'Liberia', '+231', 'LR', '2018-01-16 09:05:31', '2018-01-16 09:05:31', NULL),
(105, 'Liechtenstein', '+423', 'LI', '2018-01-16 09:05:31', '2018-01-16 09:05:31', NULL),
(106, 'Lithuania', '+370', 'LT', '2018-01-16 09:05:31', '2018-01-16 09:05:31', NULL),
(107, 'Luxembourg', '+352', 'LU', '2018-01-16 09:05:31', '2018-01-16 09:05:31', NULL),
(108, 'Madagascar', '+261', 'MG', '2018-01-16 09:05:31', '2018-01-16 09:05:31', NULL),
(109, 'Malawi', '+265', 'MW', '2018-01-16 09:05:31', '2018-01-16 09:05:31', NULL),
(110, 'Malaysia', '+60', 'MY', '2018-01-16 09:05:31', '2018-01-16 09:05:31', NULL),
(111, 'Maldives', '+960', 'MV', '2018-01-16 09:05:31', '2018-01-16 09:05:31', NULL),
(112, 'Mali', '+223', 'ML', '2018-01-16 09:05:31', '2018-01-16 09:05:31', NULL),
(113, 'Malta', '+356', 'MT', '2018-01-16 09:05:31', '2018-01-16 09:05:31', NULL),
(114, 'Marshall Islands', '+692', 'MH', '2018-01-16 09:05:31', '2018-01-16 09:05:31', NULL),
(115, 'Martinique', '+596', 'MQ', '2018-01-16 09:05:31', '2018-01-16 09:05:31', NULL),
(116, 'Mauritania', '+222', 'MR', '2018-01-16 09:05:31', '2018-01-16 09:05:31', NULL),
(117, 'Mauritius', '+230', 'MU', '2018-01-16 09:05:31', '2018-01-16 09:05:31', NULL),
(118, 'Mayotte', '+262', 'YT', '2018-01-16 09:05:31', '2018-01-16 09:05:31', NULL),
(119, 'Mexico', '+52', 'MX', '2018-01-16 09:05:31', '2018-01-16 09:05:31', NULL),
(120, 'Monaco', '+377', 'MC', '2018-01-16 09:05:31', '2018-01-16 09:05:31', NULL),
(121, 'Mongolia', '+976', 'MN', '2018-01-16 09:05:31', '2018-01-16 09:05:31', NULL),
(122, 'Montenegro', '+382', 'ME', '2018-01-16 09:05:31', '2018-01-16 09:05:31', NULL),
(123, 'Montserrat', '+1664', 'MS', '2018-01-16 09:05:31', '2018-01-16 09:05:31', NULL),
(124, 'Morocco', '+212', 'MA', '2018-01-16 09:05:31', '2018-01-16 09:05:31', NULL),
(125, 'Myanmar', '+95', 'MM', '2018-01-16 09:05:31', '2018-01-16 09:05:31', NULL),
(126, 'Namibia', '+264', 'NA', '2018-01-16 09:05:31', '2018-01-16 09:05:31', NULL),
(127, 'Nauru', '+674', 'NR', '2018-01-16 09:05:31', '2018-01-16 09:05:31', NULL),
(128, 'Nepal', '+977', 'NP', '2018-01-16 09:05:31', '2018-01-16 09:05:31', NULL),
(129, 'Netherlands', '+31', 'NL', '2018-01-16 09:05:31', '2018-01-16 09:05:31', NULL),
(130, 'Netherlands Antilles', '+599', 'AN', '2018-01-16 09:05:31', '2018-01-16 09:05:31', NULL),
(131, 'New Caledonia', '+687', 'NC', '2018-01-16 09:05:31', '2018-01-16 09:05:31', NULL),
(132, 'New Zealand', '+64', 'NZ', '2018-01-16 09:05:31', '2018-01-16 09:05:31', NULL),
(133, 'Nicaragua', '+505', 'NI', '2018-01-16 09:05:31', '2018-01-16 09:05:31', NULL),
(134, 'Niger', '+227', 'NE', '2018-01-16 09:05:31', '2018-01-16 09:05:31', NULL),
(135, 'Nigeria', '+234', 'NG', '2018-01-16 09:05:31', '2018-01-16 09:05:31', NULL),
(136, 'Niue', '+683', 'NU', '2018-01-16 09:05:31', '2018-01-16 09:05:31', NULL),
(137, 'Norfolk Island', '+672', 'NF', '2018-01-16 09:05:31', '2018-01-16 09:05:31', NULL),
(138, 'Northern Mariana Islands', '+1 670', 'MP', '2018-01-16 09:05:31', '2018-01-16 09:05:31', NULL),
(139, 'Norway', '+47', 'NO', '2018-01-16 09:05:31', '2018-01-16 09:05:31', NULL),
(140, 'Oman', '+968', 'OM', '2018-01-16 09:05:31', '2018-01-16 09:05:31', NULL),
(141, 'Pakistan', '+92', 'PK', '2018-01-16 09:05:31', '2018-01-16 09:05:31', NULL),
(142, 'Palau', '+680', 'PW', '2018-01-16 09:05:31', '2018-01-16 09:05:31', NULL),
(143, 'Panama', '+507', 'PA', '2018-01-16 09:05:31', '2018-01-16 09:05:31', NULL),
(144, 'Papua New Guinea', '+675', 'PG', '2018-01-16 09:05:31', '2018-01-16 09:05:31', NULL),
(145, 'Paraguay', '+595', 'PY', '2018-01-16 09:05:31', '2018-01-16 09:05:31', NULL),
(146, 'Peru', '+51', 'PE', '2018-01-16 09:05:31', '2018-01-16 09:05:31', NULL),
(147, 'Philippines', '+63', 'PH', '2018-01-16 09:05:31', '2018-01-16 09:05:31', NULL),
(148, 'Poland', '+48', 'PL', '2018-01-16 09:05:31', '2018-01-16 09:05:31', NULL),
(149, 'Portugal', '+351', 'PT', '2018-01-16 09:05:31', '2018-01-16 09:05:31', NULL),
(150, 'Puerto Rico', '+1 939', 'PR', '2018-01-16 09:05:31', '2018-01-16 09:05:31', NULL),
(151, 'Qatar', '+974', 'QA', '2018-01-16 09:05:31', '2018-01-16 09:05:31', NULL),
(152, 'Romania', '+40', 'RO', '2018-01-16 09:05:31', '2018-01-16 09:05:31', NULL),
(153, 'Rwanda', '+250', 'RW', '2018-01-16 09:05:31', '2018-01-16 09:05:31', NULL),
(154, 'Samoa', '+685', 'WS', '2018-01-16 09:05:31', '2018-01-16 09:05:31', NULL),
(155, 'San Marino', '+378', 'SM', '2018-01-16 09:05:31', '2018-01-16 09:05:31', NULL),
(156, 'Saudi Arabia', '+966', 'SA', '2018-01-16 09:05:31', '2018-01-16 09:05:31', NULL),
(157, 'Senegal', '+221', 'SN', '2018-01-16 09:05:31', '2018-01-16 09:05:31', NULL),
(158, 'Serbia', '+381', 'RS', '2018-01-16 09:05:31', '2018-01-16 09:05:31', NULL),
(159, 'Seychelles', '+248', 'SC', '2018-01-16 09:05:31', '2018-01-16 09:05:31', NULL),
(160, 'Sierra Leone', '+232', 'SL', '2018-01-16 09:05:31', '2018-01-16 09:05:31', NULL),
(161, 'Singapore', '+65', 'SG', '2018-01-16 09:05:31', '2018-01-16 09:05:31', NULL),
(162, 'Slovakia', '+421', 'SK', '2018-01-16 09:05:31', '2018-01-16 09:05:31', NULL),
(163, 'Slovenia', '+386', 'SI', '2018-01-16 09:05:31', '2018-01-16 09:05:31', NULL),
(164, 'Solomon Islands', '+677', 'SB', '2018-01-16 09:05:31', '2018-01-16 09:05:31', NULL),
(165, 'South Africa', '+27', 'ZA', '2018-01-16 09:05:31', '2018-01-16 09:05:31', NULL),
(166, 'South Georgia and the South Sandwich Islands', '+500', 'GS', '2018-01-16 09:05:31', '2018-01-16 09:05:31', NULL),
(167, 'Spain', '+34', 'ES', '2018-01-16 09:05:31', '2018-01-16 09:05:31', NULL),
(168, 'Sri Lanka', '+94', 'LK', '2018-01-16 09:05:31', '2018-01-16 09:05:31', NULL),
(169, 'Sudan', '+249', 'SD', '2018-01-16 09:05:31', '2018-01-16 09:05:31', NULL),
(170, 'Suriname', '+597', 'SR', '2018-01-16 09:05:31', '2018-01-16 09:05:31', NULL),
(171, 'Swaziland', '+268', 'SZ', '2018-01-16 09:05:31', '2018-01-16 09:05:31', NULL),
(172, 'Sweden', '+46', 'SE', '2018-01-16 09:05:31', '2018-01-16 09:05:31', NULL),
(173, 'Switzerland', '+41', 'CH', '2018-01-16 09:05:31', '2018-01-16 09:05:31', NULL),
(174, 'Tajikistan', '+992', 'TJ', '2018-01-16 09:05:31', '2018-01-16 09:05:31', NULL),
(175, 'Thailand', '+66', 'TH', '2018-01-16 09:05:31', '2018-01-16 09:05:31', NULL),
(176, 'Togo', '+228', 'TG', '2018-01-16 09:05:31', '2018-01-16 09:05:31', NULL),
(177, 'Tokelau', '+690', 'TK', '2018-01-16 09:05:31', '2018-01-16 09:05:31', NULL),
(178, 'Tonga', '+676', 'TO', '2018-01-16 09:05:31', '2018-01-16 09:05:31', NULL),
(179, 'Trinidad and Tobago', '+1 868', 'TT', '2018-01-16 09:05:31', '2018-01-16 09:05:31', NULL),
(180, 'Tunisia', '+216', 'TN', '2018-01-16 09:05:31', '2018-01-16 09:05:31', NULL),
(181, 'Turkey', '+90', 'TR', '2018-01-16 09:05:31', '2018-01-16 09:05:31', NULL),
(182, 'Turkmenistan', '+993', 'TM', '2018-01-16 09:05:31', '2018-01-16 09:05:31', NULL),
(183, 'Turks and Caicos Islands', '+1 649', 'TC', '2018-01-16 09:05:31', '2018-01-16 09:05:31', NULL),
(184, 'Tuvalu', '+688', 'TV', '2018-01-16 09:05:31', '2018-01-16 09:05:31', NULL),
(185, 'Uganda', '+256', 'UG', '2018-01-16 09:05:31', '2018-01-16 09:05:31', NULL),
(186, 'Ukraine', '+380', 'UA', '2018-01-16 09:05:31', '2018-01-16 09:05:31', NULL),
(187, 'United Arab Emirates', '+971', 'AE', '2018-01-16 09:05:31', '2018-01-16 09:05:31', NULL),
(188, 'United Kingdom', '+44', 'GB', '2018-01-16 09:05:31', '2018-01-16 09:05:31', NULL),
(189, 'United States', '+1', 'US', '2018-01-16 09:05:31', '2018-01-16 09:05:31', NULL),
(190, 'Uruguay', '+598', 'UY', '2018-01-16 09:05:31', '2018-01-16 09:05:31', NULL),
(191, 'Uzbekistan', '+998', 'UZ', '2018-01-16 09:05:31', '2018-01-16 09:05:31', NULL),
(192, 'Vanuatu', '+678', 'VU', '2018-01-16 09:05:31', '2018-01-16 09:05:31', NULL),
(193, 'Wallis and Futuna', '+681', 'WF', '2018-01-16 09:05:31', '2018-01-16 09:05:31', NULL),
(194, 'Yemen', '+967', 'YE', '2018-01-16 09:05:31', '2018-01-16 09:05:31', NULL),
(195, 'Zambia', '+260', 'ZM', '2018-01-16 09:05:31', '2018-01-16 09:05:31', NULL),
(196, 'Zimbabwe', '+263', 'ZW', '2018-01-16 09:05:31', '2018-01-16 09:05:31', NULL),
(197, 'Åland Islands', '+358', 'AX', '2018-01-16 09:05:31', '2018-01-16 09:05:31', NULL),
(198, 'Bolivia, Plurinational State of', '+591', 'BO', '2018-01-16 09:05:31', '2018-01-16 09:05:31', NULL),
(199, 'Brunei Darussalam', '+673', 'BN', '2018-01-16 09:05:31', '2018-01-16 09:05:31', NULL),
(200, 'Cocos (Keeling) Islands', '+61', 'CC', '2018-01-16 09:05:31', '2018-01-16 09:05:31', NULL),
(201, 'Congo, The Democratic Republic Of', '+243', 'CD', '2018-01-16 09:05:31', '2018-01-16 09:05:31', NULL),
(202, 'Cote d\'Ivoire', '+225', 'CI', '2018-01-16 09:05:31', '2018-01-16 09:05:31', NULL),
(203, 'Falkland Islands (Malvinas)', '+500', 'FK', '2018-01-16 09:05:31', '2018-01-16 09:05:31', NULL),
(204, 'Guernsey', '+44', 'GG', '2018-01-16 09:05:31', '2018-01-16 09:05:31', NULL),
(205, 'Holy See (Vatican City State)', '+379', 'VA', '2018-01-16 09:05:31', '2018-01-16 09:05:31', NULL),
(206, 'Hong Kong', '+852', 'HK', '2018-01-16 09:05:31', '2018-01-16 09:05:31', NULL),
(207, 'Iran, Islamic Republic of', '+98', 'IR', '2018-01-16 09:05:31', '2018-01-16 09:05:31', NULL),
(208, 'Isle of Man', '+44', 'IM', '2018-01-16 09:05:31', '2018-01-16 09:05:31', NULL),
(209, 'Jersey', '+44', 'JE', '2018-01-16 09:05:31', '2018-01-16 09:05:31', NULL),
(210, 'Korea, Democratic People\'s Republic of', '+850', 'KP', '2018-01-16 09:05:31', '2018-01-16 09:05:31', NULL),
(211, 'Korea, Republic of', '+82', 'KR', '2018-01-16 09:05:31', '2018-01-16 09:05:31', NULL),
(212, 'Lao People\'s Democratic Republic', '+856', 'LA', '2018-01-16 09:05:31', '2018-01-16 09:05:31', NULL),
(213, 'Libyan Arab Jamahiriya', '+218', 'LY', '2018-01-16 09:05:31', '2018-01-16 09:05:31', NULL),
(214, 'Macao', '+853', 'MO', '2018-01-16 09:05:31', '2018-01-16 09:05:31', NULL),
(215, 'Macedonia, The Former Yugoslav Republic of', '+389', 'MK', '2018-01-16 09:05:31', '2018-01-16 09:05:31', NULL),
(216, 'Micronesia, Federated States of', '+691', 'FM', '2018-01-16 09:05:31', '2018-01-16 09:05:31', NULL),
(217, 'Moldova, Republic of', '+373', 'MD', '2018-01-16 09:05:31', '2018-01-16 09:05:31', NULL),
(218, 'Mozambique', '+258', 'MZ', '2018-01-16 09:05:31', '2018-01-16 09:05:31', NULL),
(219, 'Palestinian Territory, Occupied', '+970', 'PS', '2018-01-16 09:05:31', '2018-01-16 09:05:31', NULL),
(220, 'Pitcairn', '+872', 'PN', '2018-01-16 09:05:31', '2018-01-16 09:05:31', NULL),
(221, 'Réunion', '+262', 'RE', '2018-01-16 09:05:31', '2018-01-16 09:05:31', NULL),
(222, 'Russia', '+7', 'RU', '2018-01-16 09:05:31', '2018-01-16 09:05:31', NULL),
(223, 'Saint Barthélemy', '+590', 'BL', '2018-01-16 09:05:31', '2018-01-16 09:05:31', NULL),
(224, 'Saint Helena, Ascension and Tristan Da Cunha', '+290', 'SH', '2018-01-16 09:05:31', '2018-01-16 09:05:31', NULL),
(225, 'Saint Kitts and Nevis', '+1 869', 'KN', '2018-01-16 09:05:31', '2018-01-16 09:05:31', NULL),
(226, 'Saint Lucia', '+1 758', 'LC', '2018-01-16 09:05:31', '2018-01-16 09:05:31', NULL),
(227, 'Saint Martin', '+590', 'MF', '2018-01-16 09:05:31', '2018-01-16 09:05:31', NULL),
(228, 'Saint Pierre and Miquelon', '+508', 'PM', '2018-01-16 09:05:31', '2018-01-16 09:05:31', NULL),
(229, 'Saint Vincent and the Grenadines', '+1 784', 'VC', '2018-01-16 09:05:31', '2018-01-16 09:05:31', NULL),
(230, 'Sao Tome and Principe', '+239', 'ST', '2018-01-16 09:05:31', '2018-01-16 09:05:31', NULL),
(231, 'Somalia', '+252', 'SO', '2018-01-16 09:05:31', '2018-01-16 09:05:31', NULL),
(232, 'Svalbard and Jan Mayen', '+47', 'SJ', '2018-01-16 09:05:31', '2018-01-16 09:05:31', NULL),
(233, 'Syrian Arab Republic', '+963', 'SY', '2018-01-16 09:05:31', '2018-01-16 09:05:31', NULL),
(234, 'Taiwan, Province of China', '+886', 'TW', '2018-01-16 09:05:31', '2018-01-16 09:05:31', NULL),
(235, 'Tanzania, United Republic of', '+255', 'TZ', '2018-01-16 09:05:31', '2018-01-16 09:05:31', NULL),
(236, 'Timor-Leste', '+670', 'TL', '2018-01-16 09:05:31', '2018-01-16 09:05:31', NULL),
(237, 'Venezuela, Bolivarian Republic of', '+58', 'VE', '2018-01-16 09:05:31', '2018-01-16 09:05:31', NULL),
(238, 'Viet Nam', '+84', 'VN', '2018-01-16 09:05:31', '2018-01-16 09:05:31', NULL),
(239, 'Virgin Islands, British', '+1 284', 'VG', '2018-01-16 09:05:31', '2018-01-16 09:05:31', NULL),
(240, 'Virgin Islands, U.S.', '+1 340', 'VI', '2018-01-16 09:05:31', '2018-01-16 09:05:31', NULL);

-- --------------------------------------------------------

--
-- Table structure for table `gaurav`
--

CREATE TABLE `gaurav` (
  `id` int(10) UNSIGNED NOT NULL,
  `name` varchar(255) COLLATE utf8mb4_unicode_ci NOT NULL
) ENGINE=InnoDB DEFAULT CHARSET=utf8mb4 COLLATE=utf8mb4_unicode_ci;

--
-- Dumping data for table `gaurav`
--

INSERT INTO `gaurav` (`id`, `name`) VALUES
(1, 'GMCmAiWEe4');

-- --------------------------------------------------------

--
-- Table structure for table `media`
--

CREATE TABLE `media` (
  `id` int(10) UNSIGNED NOT NULL,
  `model_id` int(10) UNSIGNED NOT NULL,
  `model_type` varchar(255) COLLATE utf8mb4_unicode_ci NOT NULL,
  `collection_name` varchar(255) COLLATE utf8mb4_unicode_ci NOT NULL,
  `name` varchar(255) COLLATE utf8mb4_unicode_ci NOT NULL,
  `file_name` varchar(255) COLLATE utf8mb4_unicode_ci NOT NULL,
  `mime_type` varchar(255) COLLATE utf8mb4_unicode_ci DEFAULT NULL,
  `disk` varchar(255) COLLATE utf8mb4_unicode_ci NOT NULL,
  `size` int(10) UNSIGNED NOT NULL,
  `manipulations` json NOT NULL,
  `custom_properties` json NOT NULL,
  `order_column` int(10) UNSIGNED DEFAULT NULL,
  `created_at` timestamp NULL DEFAULT NULL,
  `updated_at` timestamp NULL DEFAULT NULL
) ENGINE=InnoDB DEFAULT CHARSET=utf8mb4 COLLATE=utf8mb4_unicode_ci;

--
-- Dumping data for table `media`
--

INSERT INTO `media` (`id`, `model_id`, `model_type`, `collection_name`, `name`, `file_name`, `mime_type`, `disk`, `size`, `manipulations`, `custom_properties`, `order_column`, `created_at`, `updated_at`) VALUES
(1, 1, 'App\\User', 'avtaar', '12F8N', '12F8N.png', 'image/png', 'public', 11233, '[]', '[]', 1, '2018-04-19 00:13:41', '2018-04-19 00:13:41');

-- --------------------------------------------------------

--
-- Table structure for table `migrations`
--

CREATE TABLE `migrations` (
  `id` int(10) UNSIGNED NOT NULL,
  `migration` varchar(255) COLLATE utf8mb4_unicode_ci NOT NULL,
  `batch` int(11) NOT NULL
) ENGINE=InnoDB DEFAULT CHARSET=utf8mb4 COLLATE=utf8mb4_unicode_ci;

--
-- Dumping data for table `migrations`
--

INSERT INTO `migrations` (`id`, `migration`, `batch`) VALUES
(23, '2014_10_12_000000_create_users_table', 1),
(24, '2014_10_12_100000_create_password_resets_table', 1),
(25, '2018_04_11_094026_create_gaurav_table', 1),
(26, '2018_04_12_064430_create_roles_table', 2),
(27, '2018_04_18_074158_create_media_table', 3);

-- --------------------------------------------------------

--
-- Table structure for table `password_resets`
--

CREATE TABLE `password_resets` (
  `email` varchar(255) COLLATE utf8mb4_unicode_ci NOT NULL,
  `token` varchar(255) COLLATE utf8mb4_unicode_ci NOT NULL,
  `created_at` timestamp NULL DEFAULT NULL
) ENGINE=InnoDB DEFAULT CHARSET=utf8mb4 COLLATE=utf8mb4_unicode_ci;

-- --------------------------------------------------------

--
-- Table structure for table `phone`
--

CREATE TABLE `phone` (
  `id` bigint(20) NOT NULL,
  `user_id` bigint(20) NOT NULL,
  `mobile` varchar(255) NOT NULL
) ENGINE=InnoDB DEFAULT CHARSET=latin1;

--
-- Dumping data for table `phone`
--

INSERT INTO `phone` (`id`, `user_id`, `mobile`) VALUES
(1, 1, '8881438091'),
(2, 2, '8881438092'),
(3, 3, '8881438093');

-- --------------------------------------------------------

--
-- Table structure for table `roles`
--

CREATE TABLE `roles` (
  `id` int(10) UNSIGNED NOT NULL,
  `role` varchar(255) COLLATE utf8mb4_unicode_ci NOT NULL,
  `created_at` timestamp NULL DEFAULT CURRENT_TIMESTAMP,
  `updated_at` timestamp NULL DEFAULT CURRENT_TIMESTAMP ON UPDATE CURRENT_TIMESTAMP
) ENGINE=InnoDB DEFAULT CHARSET=utf8mb4 COLLATE=utf8mb4_unicode_ci;

--
-- Dumping data for table `roles`
--

INSERT INTO `roles` (`id`, `role`, `created_at`, `updated_at`) VALUES
(1, 'Admin', '2018-04-12 06:55:13', '2018-04-12 06:55:13'),
(2, 'Manager', '2018-04-12 06:55:24', '2018-04-12 06:55:13'),
(3, 'Asst Manager', '2018-04-12 06:55:30', '2018-04-12 06:55:13');

-- --------------------------------------------------------

--
-- Table structure for table `role_user`
--

CREATE TABLE `role_user` (
  `id` int(11) NOT NULL,
  `role_id` int(11) NOT NULL,
  `user_id` int(11) NOT NULL
) ENGINE=InnoDB DEFAULT CHARSET=latin1;

--
-- Dumping data for table `role_user`
--

INSERT INTO `role_user` (`id`, `role_id`, `user_id`) VALUES
(1, 1, 1),
(2, 2, 1),
(3, 1, 2),
(4, 3, 2),
(5, 3, 3),
(6, 4, 3);

-- --------------------------------------------------------

--
-- Table structure for table `user`
--

CREATE TABLE `user` (
  `id` int(11) NOT NULL,
  `name` varchar(255) NOT NULL,
  `phone_id` varchar(255) NOT NULL
) ENGINE=InnoDB DEFAULT CHARSET=latin1;

--
-- Dumping data for table `user`
--

INSERT INTO `user` (`id`, `name`, `phone_id`) VALUES
(1, 'gaurav', '1'),
(2, 'ankit', '2'),
(3, 'ram', '3');

-- --------------------------------------------------------

--
-- Table structure for table `users`
--

CREATE TABLE `users` (
  `id` int(10) UNSIGNED NOT NULL,
  `name` varchar(255) COLLATE utf8mb4_unicode_ci NOT NULL,
  `email` varchar(255) COLLATE utf8mb4_unicode_ci NOT NULL,
  `country_id` int(11) DEFAULT NULL,
  `password` varchar(255) COLLATE utf8mb4_unicode_ci NOT NULL,
  `remember_token` varchar(100) COLLATE utf8mb4_unicode_ci DEFAULT NULL,
  `created_at` timestamp NULL DEFAULT NULL,
  `updated_at` timestamp NULL DEFAULT NULL
) ENGINE=InnoDB DEFAULT CHARSET=utf8mb4 COLLATE=utf8mb4_unicode_ci;

--
-- Dumping data for table `users`
--

INSERT INTO `users` (`id`, `name`, `email`, `country_id`, `password`, `remember_token`, `created_at`, `updated_at`) VALUES
(1, 'Mikel Hermiston', 'kovacek.edwin@example.com', 13, '$2y$10$ZiKBWrvWEIjPndN0KFxeS.hJdcRGmL7rVufT6c79B.8nArewSOSLG', 'ELIGb7Qjyg', '2018-04-11 23:35:37', '2018-04-11 23:35:37'),
(2, 'Betty Ritchie', 'emilio.koelpin@example.net', 10, '$2y$10$ZiKBWrvWEIjPndN0KFxeS.hJdcRGmL7rVufT6c79B.8nArewSOSLG', 'mo9BZih0Do', '2018-04-11 23:35:37', '2018-04-11 23:35:37'),
(3, 'Carolina Gutmann', 'rrogahn@example.com', 10, '$2y$10$ZiKBWrvWEIjPndN0KFxeS.hJdcRGmL7rVufT6c79B.8nArewSOSLG', 'OkvGsmi5hD', '2018-04-11 23:35:37', '2018-04-11 23:35:37'),
(4, 'Velva Funk', 'ada46@example.net', 10, '$2y$10$ZiKBWrvWEIjPndN0KFxeS.hJdcRGmL7rVufT6c79B.8nArewSOSLG', 'LoF5VSj0lU', '2018-04-11 23:35:37', '2018-04-11 23:35:37'),
(5, 'Ms. Lora Stokes', 'hmurphy@example.org', 12, '$2y$10$ZiKBWrvWEIjPndN0KFxeS.hJdcRGmL7rVufT6c79B.8nArewSOSLG', 'lA39OtVZZp', '2018-04-11 23:35:37', '2018-04-11 23:35:37'),
(6, 'Miss Thea Pollich', 'muhammad.schuster@example.com', 10, '$2y$10$ZiKBWrvWEIjPndN0KFxeS.hJdcRGmL7rVufT6c79B.8nArewSOSLG', 'A333b16PS9', '2018-04-11 23:35:37', '2018-04-11 23:35:37'),
(7, 'Anibal Legros', 'hassie08@example.com', 10, '$2y$10$ZiKBWrvWEIjPndN0KFxeS.hJdcRGmL7rVufT6c79B.8nArewSOSLG', 'slv81cRe7H', '2018-04-11 23:35:37', '2018-04-11 23:35:37'),
(8, 'Ms. Casandra Kling MD', 'eveline92@example.org', 10, '$2y$10$ZiKBWrvWEIjPndN0KFxeS.hJdcRGmL7rVufT6c79B.8nArewSOSLG', 'Ycxx0pTvqI', '2018-04-11 23:35:37', '2018-04-11 23:35:37'),
(9, 'Dr. Everardo Hand', 'pvandervort@example.org', 10, '$2y$10$ZiKBWrvWEIjPndN0KFxeS.hJdcRGmL7rVufT6c79B.8nArewSOSLG', 'K5vz8OQfC6', '2018-04-11 23:35:37', '2018-04-11 23:35:37'),
(10, 'Dr. Melvin Shields', 'lorine.vonrueden@example.net', 10, '$2y$10$ZiKBWrvWEIjPndN0KFxeS.hJdcRGmL7rVufT6c79B.8nArewSOSLG', 'IwAJ8dt46B', '2018-04-11 23:35:37', '2018-04-11 23:35:37'),
(11, 'Amir Marks', 'miles68@example.net', 2, '$2y$10$ZiKBWrvWEIjPndN0KFxeS.hJdcRGmL7rVufT6c79B.8nArewSOSLG', 'T1isoi7R2M', '2018-04-11 23:35:37', '2018-04-11 23:35:37'),
(12, 'Milan Gorczany', 'antonina.howe@example.org', 2, '$2y$10$ZiKBWrvWEIjPndN0KFxeS.hJdcRGmL7rVufT6c79B.8nArewSOSLG', '6n9IgRpf86', '2018-04-11 23:35:37', '2018-04-11 23:35:37'),
(13, 'Bernie Collier', 'kblanda@example.com', 2, '$2y$10$ZiKBWrvWEIjPndN0KFxeS.hJdcRGmL7rVufT6c79B.8nArewSOSLG', 'pfJWIdjv38', '2018-04-11 23:35:37', '2018-04-11 23:35:37'),
(14, 'Waino Lemke', 'donnelly.devon@example.net', 2, '$2y$10$ZiKBWrvWEIjPndN0KFxeS.hJdcRGmL7rVufT6c79B.8nArewSOSLG', 'vMz4n5VvWA', '2018-04-11 23:35:38', '2018-04-11 23:35:38'),
(15, 'Glenna Bode', 'okon.kurtis@example.org', 2, '$2y$10$ZiKBWrvWEIjPndN0KFxeS.hJdcRGmL7rVufT6c79B.8nArewSOSLG', 'eJXeq1y7IA', '2018-04-11 23:35:38', '2018-04-11 23:35:38'),
(16, 'Ashtyn Hegmann', 'heidenreich.nellie@example.com', 2, '$2y$10$ZiKBWrvWEIjPndN0KFxeS.hJdcRGmL7rVufT6c79B.8nArewSOSLG', 'SvOXxx91Zw', '2018-04-11 23:35:38', '2018-04-11 23:35:38'),
(17, 'Sabina Goodwin', 'kulas.beth@example.com', 2, '$2y$10$ZiKBWrvWEIjPndN0KFxeS.hJdcRGmL7rVufT6c79B.8nArewSOSLG', 'opVkKjMj30', '2018-04-11 23:35:38', '2018-04-11 23:35:38'),
(18, 'Timothy Prosacco', 'tabbott@example.org', 2, '$2y$10$ZiKBWrvWEIjPndN0KFxeS.hJdcRGmL7rVufT6c79B.8nArewSOSLG', 'oyJ3EE0ZOa', '2018-04-11 23:35:38', '2018-04-11 23:35:38'),
(19, 'Florida Bernhard', 'borer.cathrine@example.com', 2, '$2y$10$ZiKBWrvWEIjPndN0KFxeS.hJdcRGmL7rVufT6c79B.8nArewSOSLG', 'yI4vinqH5q', '2018-04-11 23:35:38', '2018-04-11 23:35:38'),
(20, 'Kiarra Dietrich', 'antwan.roberts@example.org', 2, '$2y$10$ZiKBWrvWEIjPndN0KFxeS.hJdcRGmL7rVufT6c79B.8nArewSOSLG', 'jqaVWGtS9G', '2018-04-11 23:35:38', '2018-04-11 23:35:38'),
(21, 'Sedrick Metz', 'kshlerin.adalberto@example.net', 12, '$2y$10$ZiKBWrvWEIjPndN0KFxeS.hJdcRGmL7rVufT6c79B.8nArewSOSLG', 'ZPzFBbKEUg', '2018-04-11 23:35:38', '2018-04-11 23:35:38'),
(22, 'Marianne Rice', 'arlo.kilback@example.org', 2, '$2y$10$ZiKBWrvWEIjPndN0KFxeS.hJdcRGmL7rVufT6c79B.8nArewSOSLG', 'd4iEm9nbiV', '2018-04-11 23:35:38', '2018-04-11 23:35:38'),
(23, 'Dr. Malvina Stiedemann', 'taurean54@example.com', 2, '$2y$10$ZiKBWrvWEIjPndN0KFxeS.hJdcRGmL7rVufT6c79B.8nArewSOSLG', 'DBq7EpE6La', '2018-04-11 23:35:38', '2018-04-11 23:35:38'),
(24, 'Elsa Dickens', 'abel.stark@example.com', 23, '$2y$10$ZiKBWrvWEIjPndN0KFxeS.hJdcRGmL7rVufT6c79B.8nArewSOSLG', 'IwsJfApc4S', '2018-04-11 23:35:38', '2018-04-11 23:35:38'),
(25, 'Kristian Cassin', 'iortiz@example.com', 2, '$2y$10$ZiKBWrvWEIjPndN0KFxeS.hJdcRGmL7rVufT6c79B.8nArewSOSLG', 'hcg9ZE7Azv', '2018-04-11 23:35:38', '2018-04-11 23:35:38'),
(26, 'Bernita Heidenreich', 'arthur07@example.net', 2, '$2y$10$ZiKBWrvWEIjPndN0KFxeS.hJdcRGmL7rVufT6c79B.8nArewSOSLG', 'Gv9tmcb0Yd', '2018-04-11 23:35:38', '2018-04-11 23:35:38'),
(27, 'Kari Olson', 'wiza.alexie@example.org', 23, '$2y$10$ZiKBWrvWEIjPndN0KFxeS.hJdcRGmL7rVufT6c79B.8nArewSOSLG', 'UHszsz1LHn', '2018-04-11 23:35:38', '2018-04-11 23:35:38'),
(28, 'Delores Braun PhD', 'daron.anderson@example.net', 2, '$2y$10$ZiKBWrvWEIjPndN0KFxeS.hJdcRGmL7rVufT6c79B.8nArewSOSLG', 'wSxXdKvjAe', '2018-04-11 23:35:38', '2018-04-11 23:35:38'),
(29, 'Andy Huel', 'nicolas.mallory@example.org', 23, '$2y$10$ZiKBWrvWEIjPndN0KFxeS.hJdcRGmL7rVufT6c79B.8nArewSOSLG', 'yCBqPmRGPZ', '2018-04-11 23:35:38', '2018-04-11 23:35:38'),
(30, 'Garrett Koelpin', 'mosciski.janiya@example.com', 2, '$2y$10$ZiKBWrvWEIjPndN0KFxeS.hJdcRGmL7rVufT6c79B.8nArewSOSLG', 'YfOZBaTPAO', '2018-04-11 23:35:38', '2018-04-11 23:35:38'),
(31, 'Shane Gleichner', 'labadie.osbaldo@example.com', 2, '$2y$10$ZiKBWrvWEIjPndN0KFxeS.hJdcRGmL7rVufT6c79B.8nArewSOSLG', 'uW3ewiRjXC', '2018-04-11 23:35:38', '2018-04-11 23:35:38'),
(32, 'Miss Pearlie Ritchie II', 'wiegand.hollis@example.org', 2, '$2y$10$ZiKBWrvWEIjPndN0KFxeS.hJdcRGmL7rVufT6c79B.8nArewSOSLG', 'bfvFbdPgfz', '2018-04-11 23:35:38', '2018-04-11 23:35:38'),
(33, 'Mr. Domenic Emard MD', 'jeffrey.murray@example.org', 2, '$2y$10$ZiKBWrvWEIjPndN0KFxeS.hJdcRGmL7rVufT6c79B.8nArewSOSLG', '33dAVBrF76', '2018-04-11 23:35:38', '2018-04-11 23:35:38'),
(34, 'Orland Cummerata', 'bshanahan@example.net', 2, '$2y$10$ZiKBWrvWEIjPndN0KFxeS.hJdcRGmL7rVufT6c79B.8nArewSOSLG', 'MaiBD6eDbg', '2018-04-11 23:35:38', '2018-04-11 23:35:38'),
(35, 'Janelle Russel', 'lhoeger@example.net', 2, '$2y$10$ZiKBWrvWEIjPndN0KFxeS.hJdcRGmL7rVufT6c79B.8nArewSOSLG', 'AMZgRf9vO5', '2018-04-11 23:35:38', '2018-04-11 23:35:38'),
(36, 'Sim Shanahan', 'cydney59@example.net', 2, '$2y$10$ZiKBWrvWEIjPndN0KFxeS.hJdcRGmL7rVufT6c79B.8nArewSOSLG', 'pm3GmEvfB4', '2018-04-11 23:35:38', '2018-04-11 23:35:38'),
(37, 'Alysa Schmidt', 'douglas.freddy@example.net', 2, '$2y$10$ZiKBWrvWEIjPndN0KFxeS.hJdcRGmL7rVufT6c79B.8nArewSOSLG', 'vdPAb08n10', '2018-04-11 23:35:38', '2018-04-11 23:35:38'),
(38, 'Ramon Crona', 'leannon.rhett@example.net', 2, '$2y$10$ZiKBWrvWEIjPndN0KFxeS.hJdcRGmL7rVufT6c79B.8nArewSOSLG', 'VZwLp6mJWI', '2018-04-11 23:35:38', '2018-04-11 23:35:38'),
(39, 'Dr. Abdul Aufderhar PhD', 'gislason.herman@example.com', 2, '$2y$10$ZiKBWrvWEIjPndN0KFxeS.hJdcRGmL7rVufT6c79B.8nArewSOSLG', 'qdvrvomAaV', '2018-04-11 23:35:38', '2018-04-11 23:35:38'),
(40, 'Rahul Nienow', 'elyssa84@example.org', 2, '$2y$10$ZiKBWrvWEIjPndN0KFxeS.hJdcRGmL7rVufT6c79B.8nArewSOSLG', 'jU0k401wuL', '2018-04-11 23:35:38', '2018-04-11 23:35:38'),
(41, 'Leopold Nicolas', 'farrell.akeem@example.net', 2, '$2y$10$ZiKBWrvWEIjPndN0KFxeS.hJdcRGmL7rVufT6c79B.8nArewSOSLG', 'WTO0wzxL5M', '2018-04-11 23:35:38', '2018-04-11 23:35:38'),
(42, 'Isabel Monahan', 'vwunsch@example.net', 2, '$2y$10$ZiKBWrvWEIjPndN0KFxeS.hJdcRGmL7rVufT6c79B.8nArewSOSLG', 'Nnkxv1hqGc', '2018-04-11 23:35:38', '2018-04-11 23:35:38'),
(43, 'Prof. Mollie Ziemann III', 'verona.white@example.net', 2, '$2y$10$ZiKBWrvWEIjPndN0KFxeS.hJdcRGmL7rVufT6c79B.8nArewSOSLG', 'FkEr1a3u8O', '2018-04-11 23:35:38', '2018-04-11 23:35:38'),
(44, 'Theron Hegmann Sr.', 'helene.borer@example.com', 2, '$2y$10$ZiKBWrvWEIjPndN0KFxeS.hJdcRGmL7rVufT6c79B.8nArewSOSLG', '0MAggOwAF5', '2018-04-11 23:35:38', '2018-04-11 23:35:38'),
(45, 'Amanda Abernathy', 'erna54@example.org', 2, '$2y$10$ZiKBWrvWEIjPndN0KFxeS.hJdcRGmL7rVufT6c79B.8nArewSOSLG', '40p8HH3uZD', '2018-04-11 23:35:38', '2018-04-11 23:35:38'),
(46, 'Willie Lehner', 'adibbert@example.net', 2, '$2y$10$ZiKBWrvWEIjPndN0KFxeS.hJdcRGmL7rVufT6c79B.8nArewSOSLG', '8cwq4NVv4d', '2018-04-11 23:35:38', '2018-04-11 23:35:38'),
(47, 'Loyce Haag', 'darrell25@example.net', 2, '$2y$10$ZiKBWrvWEIjPndN0KFxeS.hJdcRGmL7rVufT6c79B.8nArewSOSLG', '2RmGKB6Xx5', '2018-04-11 23:35:39', '2018-04-11 23:35:39'),
(48, 'Jeremy Little', 'moses.pfeffer@example.net', 2, '$2y$10$ZiKBWrvWEIjPndN0KFxeS.hJdcRGmL7rVufT6c79B.8nArewSOSLG', 'YIFMSrCG3u', '2018-04-11 23:35:39', '2018-04-11 23:35:39'),
(49, 'Dr. Vinnie Carter', 'dustin51@example.net', 2, '$2y$10$ZiKBWrvWEIjPndN0KFxeS.hJdcRGmL7rVufT6c79B.8nArewSOSLG', 'qCJJCrRPUd', '2018-04-11 23:35:39', '2018-04-11 23:35:39'),
(50, 'Ryann Graham', 'anderson.quinton@example.org', 2, '$2y$10$ZiKBWrvWEIjPndN0KFxeS.hJdcRGmL7rVufT6c79B.8nArewSOSLG', 'FSaS1fpSeG', '2018-04-11 23:35:39', '2018-04-11 23:35:39'),
(51, 'Mr. Dudley Prosacco', 'whickle@example.net', 2, '$2y$10$C3s5gZpS34o43nyoClpSvu9t41yB6SQZ1dJMV6z0ldBZoVxkb7mnO', 'NCWGvcESUS', '2018-04-12 01:17:10', '2018-04-12 01:17:10'),
(52, 'Mr. Carol Denesik I', 'hgusikowski@example.com', 2, '$2y$10$C3s5gZpS34o43nyoClpSvu9t41yB6SQZ1dJMV6z0ldBZoVxkb7mnO', 'l2nps6sGc5', '2018-04-12 01:17:10', '2018-04-12 01:17:10'),
(53, 'Alexandra Smith', 'baumbach.wendy@example.com', 2, '$2y$10$C3s5gZpS34o43nyoClpSvu9t41yB6SQZ1dJMV6z0ldBZoVxkb7mnO', '2H6mqUUSpS', '2018-04-12 01:17:10', '2018-04-12 01:17:10'),
(54, 'Prof. Max Stiedemann', 'antonio91@example.net', 2, '$2y$10$C3s5gZpS34o43nyoClpSvu9t41yB6SQZ1dJMV6z0ldBZoVxkb7mnO', 'tnAUxmUxgK', '2018-04-12 01:17:11', '2018-04-12 01:17:11'),
(55, 'Mrs. Elmira Grady', 'leffler.florida@example.com', 2, '$2y$10$C3s5gZpS34o43nyoClpSvu9t41yB6SQZ1dJMV6z0ldBZoVxkb7mnO', 'A2ojUcCSah', '2018-04-12 01:17:11', '2018-04-12 01:17:11'),
(56, 'Miss Eloise Feil DVM', 'pnader@example.net', 2, '$2y$10$C3s5gZpS34o43nyoClpSvu9t41yB6SQZ1dJMV6z0ldBZoVxkb7mnO', 'ocyXPZVcmP', '2018-04-12 01:17:11', '2018-04-12 01:17:11'),
(57, 'Alysa Johnston', 'stillman@example.com', 2, '$2y$10$C3s5gZpS34o43nyoClpSvu9t41yB6SQZ1dJMV6z0ldBZoVxkb7mnO', 'zbPZaOP6XY', '2018-04-12 01:17:11', '2018-04-12 01:17:11'),
(58, 'Palma Hansen', 'vernice.bednar@example.org', 2, '$2y$10$C3s5gZpS34o43nyoClpSvu9t41yB6SQZ1dJMV6z0ldBZoVxkb7mnO', '6uNQY8zXj6', '2018-04-12 01:17:11', '2018-04-12 01:17:11'),
(59, 'Cecilia Lind', 'wdare@example.org', 2, '$2y$10$C3s5gZpS34o43nyoClpSvu9t41yB6SQZ1dJMV6z0ldBZoVxkb7mnO', 'sLy9JRaK8l', '2018-04-12 01:17:11', '2018-04-12 01:17:11'),
(60, 'Mrs. Missouri Wolf', 'braulio.rowe@example.org', 2, '$2y$10$C3s5gZpS34o43nyoClpSvu9t41yB6SQZ1dJMV6z0ldBZoVxkb7mnO', 'YVpgvaT1qz', '2018-04-12 01:17:11', '2018-04-12 01:17:11'),
(61, 'Rose Gislason PhD', 'metz.sanford@example.net', 2, '$2y$10$C3s5gZpS34o43nyoClpSvu9t41yB6SQZ1dJMV6z0ldBZoVxkb7mnO', '2Eps9JEKKr', '2018-04-12 01:17:11', '2018-04-12 01:17:11'),
(62, 'Dr. Winnifred Upton Sr.', 'shyann.sawayn@example.org', 2, '$2y$10$C3s5gZpS34o43nyoClpSvu9t41yB6SQZ1dJMV6z0ldBZoVxkb7mnO', 'btSZVKufNd', '2018-04-12 01:17:11', '2018-04-12 01:17:11'),
(63, 'Mrs. Rhea Veum II', 'destany.schmitt@example.com', 2, '$2y$10$C3s5gZpS34o43nyoClpSvu9t41yB6SQZ1dJMV6z0ldBZoVxkb7mnO', 'TzBgHNEf7z', '2018-04-12 01:17:11', '2018-04-12 01:17:11'),
(64, 'Dr. Haskell Watsica Sr.', 'kosinski@example.org', 2, '$2y$10$C3s5gZpS34o43nyoClpSvu9t41yB6SQZ1dJMV6z0ldBZoVxkb7mnO', 'mKxyNI77KN', '2018-04-12 01:17:11', '2018-04-12 01:17:11'),
(65, 'Marianna Powlowski', 'qhowe@example.org', 2, '$2y$10$C3s5gZpS34o43nyoClpSvu9t41yB6SQZ1dJMV6z0ldBZoVxkb7mnO', 'l7Z2Bjn3Fb', '2018-04-12 01:17:11', '2018-04-12 01:17:11'),
(66, 'Chance Lindgren', 'acrist@example.com', 2, '$2y$10$C3s5gZpS34o43nyoClpSvu9t41yB6SQZ1dJMV6z0ldBZoVxkb7mnO', 'bnBSsmWDQo', '2018-04-12 01:17:11', '2018-04-12 01:17:11'),
(67, 'Mrs. Kiarra Muller', 'zsauer@example.org', 2, '$2y$10$C3s5gZpS34o43nyoClpSvu9t41yB6SQZ1dJMV6z0ldBZoVxkb7mnO', 'HiBmxW85CD', '2018-04-12 01:17:11', '2018-04-12 01:17:11'),
(68, 'Mr. Erin Torp', 'rupert.lueilwitz@example.com', 2, '$2y$10$C3s5gZpS34o43nyoClpSvu9t41yB6SQZ1dJMV6z0ldBZoVxkb7mnO', 'NSto6rJWuk', '2018-04-12 01:17:12', '2018-04-12 01:17:12'),
(69, 'Prof. Gerald Paucek', 'roel.paucek@example.com', 2, '$2y$10$C3s5gZpS34o43nyoClpSvu9t41yB6SQZ1dJMV6z0ldBZoVxkb7mnO', 'Y84MubhKxE', '2018-04-12 01:17:12', '2018-04-12 01:17:12'),
(70, 'Mack Renner IV', 'gschneider@example.org', 2, '$2y$10$C3s5gZpS34o43nyoClpSvu9t41yB6SQZ1dJMV6z0ldBZoVxkb7mnO', 'MkipOFgaL3', '2018-04-12 01:17:12', '2018-04-12 01:17:12'),
(71, 'Cortney Corwin', 'velma19@example.com', 2, '$2y$10$C3s5gZpS34o43nyoClpSvu9t41yB6SQZ1dJMV6z0ldBZoVxkb7mnO', 'CLtgmw07S8', '2018-04-12 01:17:12', '2018-04-12 01:17:12'),
(72, 'Aisha Barrows', 'fhilll@example.org', 2, '$2y$10$C3s5gZpS34o43nyoClpSvu9t41yB6SQZ1dJMV6z0ldBZoVxkb7mnO', 'RSKgrqEP4n', '2018-04-12 01:17:12', '2018-04-12 01:17:12'),
(73, 'Prof. Joesph Crona', 'nemard@example.com', 2, '$2y$10$C3s5gZpS34o43nyoClpSvu9t41yB6SQZ1dJMV6z0ldBZoVxkb7mnO', 'kup6i2qH5w', '2018-04-12 01:17:12', '2018-04-12 01:17:12'),
(74, 'Mr. Jayson Willms V', 'hoppe.eloy@example.com', 2, '$2y$10$C3s5gZpS34o43nyoClpSvu9t41yB6SQZ1dJMV6z0ldBZoVxkb7mnO', 'f1ZKk0tMwb', '2018-04-12 01:17:12', '2018-04-12 01:17:12'),
(75, 'Mrs. Thelma Jaskolski', 'bettie06@example.com', 2, '$2y$10$C3s5gZpS34o43nyoClpSvu9t41yB6SQZ1dJMV6z0ldBZoVxkb7mnO', 'UeQEZ1eCGK', '2018-04-12 01:17:12', '2018-04-12 01:17:12'),
(76, 'Mrs. Isabella Dietrich', 'jada87@example.com', 2, '$2y$10$C3s5gZpS34o43nyoClpSvu9t41yB6SQZ1dJMV6z0ldBZoVxkb7mnO', 'DxlShCGxPb', '2018-04-12 01:17:12', '2018-04-12 01:17:12'),
(77, 'Mr. Chet Hamill', 'crosenbaum@example.net', 2, '$2y$10$C3s5gZpS34o43nyoClpSvu9t41yB6SQZ1dJMV6z0ldBZoVxkb7mnO', 'tTwrRIFbzK', '2018-04-12 01:17:12', '2018-04-12 01:17:12'),
(78, 'Myron Williamson', 'gusikowski.tia@example.org', 2, '$2y$10$C3s5gZpS34o43nyoClpSvu9t41yB6SQZ1dJMV6z0ldBZoVxkb7mnO', 'KZeGmRem1t', '2018-04-12 01:17:12', '2018-04-12 01:17:12'),
(79, 'Angeline Goldner', 'daija17@example.org', 2, '$2y$10$C3s5gZpS34o43nyoClpSvu9t41yB6SQZ1dJMV6z0ldBZoVxkb7mnO', 'kw53D8btdV', '2018-04-12 01:17:12', '2018-04-12 01:17:12'),
(80, 'Demetrius Ankunding', 'webster.gleason@example.com', 2, '$2y$10$C3s5gZpS34o43nyoClpSvu9t41yB6SQZ1dJMV6z0ldBZoVxkb7mnO', 'qRXRk3fRYa', '2018-04-12 01:17:12', '2018-04-12 01:17:12'),
(81, 'Savannah Mertz V', 'ugerhold@example.org', 2, '$2y$10$C3s5gZpS34o43nyoClpSvu9t41yB6SQZ1dJMV6z0ldBZoVxkb7mnO', 'i3w4QzHP6h', '2018-04-12 01:17:12', '2018-04-12 01:17:12'),
(82, 'Ms. Jazlyn Cassin', 'mariana.gleichner@example.org', 2, '$2y$10$C3s5gZpS34o43nyoClpSvu9t41yB6SQZ1dJMV6z0ldBZoVxkb7mnO', 'O48rM16C9G', '2018-04-12 01:17:12', '2018-04-12 01:17:12'),
(83, 'Prof. Murray Stroman', 'balistreri.hermina@example.com', 2, '$2y$10$C3s5gZpS34o43nyoClpSvu9t41yB6SQZ1dJMV6z0ldBZoVxkb7mnO', 'sA0CMwsPh8', '2018-04-12 01:17:12', '2018-04-12 01:17:12'),
(84, 'Carmel Oberbrunner', 'myrtie.jast@example.org', 2, '$2y$10$C3s5gZpS34o43nyoClpSvu9t41yB6SQZ1dJMV6z0ldBZoVxkb7mnO', 'y2vRAkZfLe', '2018-04-12 01:17:13', '2018-04-12 01:17:13'),
(85, 'Ben Nader', 'kcassin@example.com', 2, '$2y$10$C3s5gZpS34o43nyoClpSvu9t41yB6SQZ1dJMV6z0ldBZoVxkb7mnO', 'r6m7sb0ghH', '2018-04-12 01:17:13', '2018-04-12 01:17:13'),
(86, 'Lori Lueilwitz', 'athena.douglas@example.net', 2, '$2y$10$C3s5gZpS34o43nyoClpSvu9t41yB6SQZ1dJMV6z0ldBZoVxkb7mnO', 'X6DBzGMFO4', '2018-04-12 01:17:13', '2018-04-12 01:17:13'),
(87, 'Miss Francisca Orn', 'acremin@example.com', 2, '$2y$10$C3s5gZpS34o43nyoClpSvu9t41yB6SQZ1dJMV6z0ldBZoVxkb7mnO', 'UC3625KBRp', '2018-04-12 01:17:13', '2018-04-12 01:17:13'),
(88, 'Santina Considine', 'spinka.martina@example.net', 2, '$2y$10$C3s5gZpS34o43nyoClpSvu9t41yB6SQZ1dJMV6z0ldBZoVxkb7mnO', 'fqBfVPO0SY', '2018-04-12 01:17:13', '2018-04-12 01:17:13'),
(89, 'Prof. Carson Schmitt I', 'zhoppe@example.com', 2, '$2y$10$C3s5gZpS34o43nyoClpSvu9t41yB6SQZ1dJMV6z0ldBZoVxkb7mnO', 'iBkHzs4fxB', '2018-04-12 01:17:13', '2018-04-12 01:17:13'),
(90, 'Prof. Rod Muller II', 'tillman.mikayla@example.org', 2, '$2y$10$C3s5gZpS34o43nyoClpSvu9t41yB6SQZ1dJMV6z0ldBZoVxkb7mnO', '9R17HeRwwQ', '2018-04-12 01:17:13', '2018-04-12 01:17:13'),
(91, 'Rosemary Ritchie', 'simonis.lenora@example.net', 2, '$2y$10$C3s5gZpS34o43nyoClpSvu9t41yB6SQZ1dJMV6z0ldBZoVxkb7mnO', 'MmSsjXXE6V', '2018-04-12 01:17:13', '2018-04-12 01:17:13'),
(92, 'Mr. Demarco Jacobi', 'vaughn.mccullough@example.org', 2, '$2y$10$C3s5gZpS34o43nyoClpSvu9t41yB6SQZ1dJMV6z0ldBZoVxkb7mnO', 'yaBocnab3p', '2018-04-12 01:17:13', '2018-04-12 01:17:13'),
(93, 'Randall Carter', 'denis18@example.org', 2, '$2y$10$C3s5gZpS34o43nyoClpSvu9t41yB6SQZ1dJMV6z0ldBZoVxkb7mnO', 'HNYW9qP5TI', '2018-04-12 01:17:13', '2018-04-12 01:17:13'),
(94, 'Dr. Carolyne Nolan', 'marion.yost@example.net', 2, '$2y$10$C3s5gZpS34o43nyoClpSvu9t41yB6SQZ1dJMV6z0ldBZoVxkb7mnO', 'AATAs8KP6f', '2018-04-12 01:17:13', '2018-04-12 01:17:13'),
(95, 'Mrs. Letitia Lowe Sr.', 'cfritsch@example.net', 2, '$2y$10$C3s5gZpS34o43nyoClpSvu9t41yB6SQZ1dJMV6z0ldBZoVxkb7mnO', 'Bq5d728tO0', '2018-04-12 01:17:13', '2018-04-12 01:17:13'),
(96, 'Ms. Joanie Runolfsdottir', 'cordie.pfeffer@example.org', 2, '$2y$10$C3s5gZpS34o43nyoClpSvu9t41yB6SQZ1dJMV6z0ldBZoVxkb7mnO', 'nhemPJacnA', '2018-04-12 01:17:13', '2018-04-12 01:17:13'),
(97, 'Kimberly Hirthe', 'zachary.bailey@example.org', 2, '$2y$10$C3s5gZpS34o43nyoClpSvu9t41yB6SQZ1dJMV6z0ldBZoVxkb7mnO', 'WrsvMOlUw7', '2018-04-12 01:17:13', '2018-04-12 01:17:13'),
(98, 'Kamille Bauch', 'dessie04@example.com', 2, '$2y$10$C3s5gZpS34o43nyoClpSvu9t41yB6SQZ1dJMV6z0ldBZoVxkb7mnO', 'yHlhhdVmyB', '2018-04-12 01:17:13', '2018-04-12 01:17:13'),
(99, 'Mrs. Bria Franecki', 'nienow.geo@example.com', 2, '$2y$10$C3s5gZpS34o43nyoClpSvu9t41yB6SQZ1dJMV6z0ldBZoVxkb7mnO', 'r5R8MxKNHB', '2018-04-12 01:17:13', '2018-04-12 01:17:13'),
(100, 'Zelma Spencer', 'cremin.juliana@example.org', 2, '$2y$10$C3s5gZpS34o43nyoClpSvu9t41yB6SQZ1dJMV6z0ldBZoVxkb7mnO', 'UANLVoJTOY', '2018-04-12 01:17:13', '2018-04-12 01:17:13'),
(101, 'Wava Schumm', 'davis.retta@example.com', 2, '$2y$10$RgMQasdbq7ui2tExW3NxiOI9tBXWecHbxXQbEypmcCTCaXDyibcnu', 'tl5iYkyhSy', '2018-04-12 01:18:20', '2018-04-12 01:18:20'),
(102, 'Meda Lockman', 'jed.cronin@example.org', 2, '$2y$10$RgMQasdbq7ui2tExW3NxiOI9tBXWecHbxXQbEypmcCTCaXDyibcnu', 'iKZZNt9HKH', '2018-04-12 01:18:20', '2018-04-12 01:18:20'),
(103, 'Dillon Connelly III', 'pschmeler@example.com', 2, '$2y$10$RgMQasdbq7ui2tExW3NxiOI9tBXWecHbxXQbEypmcCTCaXDyibcnu', '1WY5i9JId6', '2018-04-12 01:18:20', '2018-04-12 01:18:20'),
(104, 'Mr. Claude Ruecker DDS', 'shawn.macejkovic@example.com', 2, '$2y$10$RgMQasdbq7ui2tExW3NxiOI9tBXWecHbxXQbEypmcCTCaXDyibcnu', 'fzR0TFpdJl', '2018-04-12 01:18:20', '2018-04-12 01:18:20'),
(105, 'Shanny Leffler', 'haag.jules@example.com', 2, '$2y$10$RgMQasdbq7ui2tExW3NxiOI9tBXWecHbxXQbEypmcCTCaXDyibcnu', 'UAamil5D1E', '2018-04-12 01:18:20', '2018-04-12 01:18:20'),
(106, 'Douglas Towne', 'mathias23@example.com', 2, '$2y$10$RgMQasdbq7ui2tExW3NxiOI9tBXWecHbxXQbEypmcCTCaXDyibcnu', 'cLrjLuuLnD', '2018-04-12 01:18:20', '2018-04-12 01:18:20'),
(107, 'Alana Nicolas', 'tierra05@example.com', 2, '$2y$10$RgMQasdbq7ui2tExW3NxiOI9tBXWecHbxXQbEypmcCTCaXDyibcnu', 'maKHdd6OUx', '2018-04-12 01:18:20', '2018-04-12 01:18:20'),
(108, 'Amelia Brown Jr.', 'ekirlin@example.org', 2, '$2y$10$RgMQasdbq7ui2tExW3NxiOI9tBXWecHbxXQbEypmcCTCaXDyibcnu', 'CuhrEOOOLg', '2018-04-12 01:18:20', '2018-04-12 01:18:20'),
(109, 'Antonia Hoppe', 'shields.reilly@example.org', 2, '$2y$10$RgMQasdbq7ui2tExW3NxiOI9tBXWecHbxXQbEypmcCTCaXDyibcnu', 'F5oX7J25pZ', '2018-04-12 01:18:20', '2018-04-12 01:18:20'),
(110, 'Miss Susanna Hane PhD', 'nbrekke@example.net', 2, '$2y$10$RgMQasdbq7ui2tExW3NxiOI9tBXWecHbxXQbEypmcCTCaXDyibcnu', 'HZJpYQq5vD', '2018-04-12 01:18:20', '2018-04-12 01:18:20'),
(111, 'Noemi Runolfsdottir', 'acole@example.org', 2, '$2y$10$RgMQasdbq7ui2tExW3NxiOI9tBXWecHbxXQbEypmcCTCaXDyibcnu', 'LG82eFK3mW', '2018-04-12 01:18:20', '2018-04-12 01:18:20'),
(112, 'Ian Conn', 'kaylie33@example.com', 2, '$2y$10$RgMQasdbq7ui2tExW3NxiOI9tBXWecHbxXQbEypmcCTCaXDyibcnu', '2AJ4NX2ikm', '2018-04-12 01:18:20', '2018-04-12 01:18:20'),
(113, 'Ms. Asia Gutmann', 'jacques86@example.com', 2, '$2y$10$RgMQasdbq7ui2tExW3NxiOI9tBXWecHbxXQbEypmcCTCaXDyibcnu', 'YM5uwpsmOF', '2018-04-12 01:18:20', '2018-04-12 01:18:20'),
(114, 'Dr. Leanna Little MD', 'xhomenick@example.net', 2, '$2y$10$RgMQasdbq7ui2tExW3NxiOI9tBXWecHbxXQbEypmcCTCaXDyibcnu', 'kUNSVDi73H', '2018-04-12 01:18:20', '2018-04-12 01:18:20'),
(115, 'Demetris Feil', 'doyle.carmel@example.org', 2, '$2y$10$RgMQasdbq7ui2tExW3NxiOI9tBXWecHbxXQbEypmcCTCaXDyibcnu', 'CoYiK8xgeS', '2018-04-12 01:18:20', '2018-04-12 01:18:20'),
(116, 'Lue Fisher', 'cstamm@example.org', 2, '$2y$10$RgMQasdbq7ui2tExW3NxiOI9tBXWecHbxXQbEypmcCTCaXDyibcnu', 'qDSEXE94fU', '2018-04-12 01:18:20', '2018-04-12 01:18:20'),
(117, 'Derrick Crona', 'mohammad.doyle@example.org', 2, '$2y$10$RgMQasdbq7ui2tExW3NxiOI9tBXWecHbxXQbEypmcCTCaXDyibcnu', 'c92J5bCcme', '2018-04-12 01:18:20', '2018-04-12 01:18:20'),
(118, 'Edna Emard', 'xbechtelar@example.net', 2, '$2y$10$RgMQasdbq7ui2tExW3NxiOI9tBXWecHbxXQbEypmcCTCaXDyibcnu', 'oCRLWw7twK', '2018-04-12 01:18:20', '2018-04-12 01:18:20'),
(119, 'Edgardo Larkin', 'gavin.bednar@example.org', 2, '$2y$10$RgMQasdbq7ui2tExW3NxiOI9tBXWecHbxXQbEypmcCTCaXDyibcnu', 'JdwTC0wMYA', '2018-04-12 01:18:20', '2018-04-12 01:18:20'),
(120, 'Kristina Feil', 'karina46@example.com', 2, '$2y$10$RgMQasdbq7ui2tExW3NxiOI9tBXWecHbxXQbEypmcCTCaXDyibcnu', 'Jf2sJFW2Z6', '2018-04-12 01:18:20', '2018-04-12 01:18:20'),
(121, 'Miss Corine Wunsch', 'schowalter.ariane@example.net', 2, '$2y$10$RgMQasdbq7ui2tExW3NxiOI9tBXWecHbxXQbEypmcCTCaXDyibcnu', 'xH0msBgegH', '2018-04-12 01:18:20', '2018-04-12 01:18:20'),
(122, 'Zakary Jast', 'bogisich.maybelle@example.com', 2, '$2y$10$RgMQasdbq7ui2tExW3NxiOI9tBXWecHbxXQbEypmcCTCaXDyibcnu', 'L81eAuIkt8', '2018-04-12 01:18:21', '2018-04-12 01:18:21'),
(123, 'Ms. Cayla Carter IV', 'letha79@example.net', 2, '$2y$10$RgMQasdbq7ui2tExW3NxiOI9tBXWecHbxXQbEypmcCTCaXDyibcnu', 'KfOnzkYWi5', '2018-04-12 01:18:21', '2018-04-12 01:18:21'),
(124, 'Ms. Juana Lebsack III', 'schristiansen@example.net', 2, '$2y$10$RgMQasdbq7ui2tExW3NxiOI9tBXWecHbxXQbEypmcCTCaXDyibcnu', 'GEX4DfiAyR', '2018-04-12 01:18:21', '2018-04-12 01:18:21'),
(125, 'Myrtle Brown', 'hcormier@example.org', 2, '$2y$10$RgMQasdbq7ui2tExW3NxiOI9tBXWecHbxXQbEypmcCTCaXDyibcnu', 'WRdczNCiH1', '2018-04-12 01:18:21', '2018-04-12 01:18:21'),
(126, 'Giles Bauch', 'rherman@example.org', 2, '$2y$10$RgMQasdbq7ui2tExW3NxiOI9tBXWecHbxXQbEypmcCTCaXDyibcnu', 'FMF7x2pNkX', '2018-04-12 01:18:21', '2018-04-12 01:18:21'),
(127, 'Randy Ruecker', 'gregg36@example.net', 2, '$2y$10$RgMQasdbq7ui2tExW3NxiOI9tBXWecHbxXQbEypmcCTCaXDyibcnu', 'Pk7rlyYHMv', '2018-04-12 01:18:21', '2018-04-12 01:18:21'),
(128, 'Erna Gerhold', 'ziemann.domenico@example.com', 2, '$2y$10$RgMQasdbq7ui2tExW3NxiOI9tBXWecHbxXQbEypmcCTCaXDyibcnu', 's5ig7W0KoM', '2018-04-12 01:18:21', '2018-04-12 01:18:21'),
(129, 'Tre Lubowitz', 'reichert.santino@example.com', 2, '$2y$10$RgMQasdbq7ui2tExW3NxiOI9tBXWecHbxXQbEypmcCTCaXDyibcnu', 'NwfUwNFns3', '2018-04-12 01:18:21', '2018-04-12 01:18:21'),
(130, 'Wilmer Runte', 'murazik.blaise@example.org', 2, '$2y$10$RgMQasdbq7ui2tExW3NxiOI9tBXWecHbxXQbEypmcCTCaXDyibcnu', 'VBmK8VPNfs', '2018-04-12 01:18:21', '2018-04-12 01:18:21'),
(131, 'Helga Hane MD', 'lonzo.dickens@example.org', 2, '$2y$10$RgMQasdbq7ui2tExW3NxiOI9tBXWecHbxXQbEypmcCTCaXDyibcnu', 'TGZi31Ied0', '2018-04-12 01:18:21', '2018-04-12 01:18:21'),
(132, 'Dr. Bertrand Keebler', 'hyatt.roselyn@example.net', 2, '$2y$10$RgMQasdbq7ui2tExW3NxiOI9tBXWecHbxXQbEypmcCTCaXDyibcnu', 'dHi39Q6Y3P', '2018-04-12 01:18:21', '2018-04-12 01:18:21'),
(133, 'Prof. Unique Runolfsdottir', 'manuel26@example.org', 2, '$2y$10$RgMQasdbq7ui2tExW3NxiOI9tBXWecHbxXQbEypmcCTCaXDyibcnu', 'hyY0ZGiF6k', '2018-04-12 01:18:21', '2018-04-12 01:18:21'),
(134, 'Mr. Rodrigo Pagac', 'luisa.hagenes@example.org', 2, '$2y$10$RgMQasdbq7ui2tExW3NxiOI9tBXWecHbxXQbEypmcCTCaXDyibcnu', 'fO1rnuPies', '2018-04-12 01:18:21', '2018-04-12 01:18:21'),
(135, 'Prof. Ola Tillman', 'nrunolfsson@example.net', 2, '$2y$10$RgMQasdbq7ui2tExW3NxiOI9tBXWecHbxXQbEypmcCTCaXDyibcnu', 'DCBfHAULGk', '2018-04-12 01:18:21', '2018-04-12 01:18:21'),
(136, 'Ignacio Fadel', 'dante06@example.net', 2, '$2y$10$RgMQasdbq7ui2tExW3NxiOI9tBXWecHbxXQbEypmcCTCaXDyibcnu', '8tX4JSQUi4', '2018-04-12 01:18:21', '2018-04-12 01:18:21'),
(137, 'Rosalee Kub', 'brown.carter@example.net', 2, '$2y$10$RgMQasdbq7ui2tExW3NxiOI9tBXWecHbxXQbEypmcCTCaXDyibcnu', 'rfHGUIegp2', '2018-04-12 01:18:21', '2018-04-12 01:18:21'),
(138, 'Ilene Goldner', 'harry71@example.net', 2, '$2y$10$RgMQasdbq7ui2tExW3NxiOI9tBXWecHbxXQbEypmcCTCaXDyibcnu', 'DGtZWeDc9n', '2018-04-12 01:18:21', '2018-04-12 01:18:21'),
(139, 'Cathy Little V', 'hschaden@example.com', 2, '$2y$10$RgMQasdbq7ui2tExW3NxiOI9tBXWecHbxXQbEypmcCTCaXDyibcnu', 'KIBtJAMiLN', '2018-04-12 01:18:21', '2018-04-12 01:18:21'),
(140, 'Mrs. Alysa Conn', 'morissette.angeline@example.net', 2, '$2y$10$RgMQasdbq7ui2tExW3NxiOI9tBXWecHbxXQbEypmcCTCaXDyibcnu', 'BJu9Mqh5I0', '2018-04-12 01:18:21', '2018-04-12 01:18:21'),
(141, 'Miss Kathryn Kshlerin', 'gerlach.joseph@example.com', 2, '$2y$10$RgMQasdbq7ui2tExW3NxiOI9tBXWecHbxXQbEypmcCTCaXDyibcnu', '1WuWdcQebN', '2018-04-12 01:18:21', '2018-04-12 01:18:21'),
(142, 'Dr. Jerome Olson', 'aurelie30@example.org', 2, '$2y$10$RgMQasdbq7ui2tExW3NxiOI9tBXWecHbxXQbEypmcCTCaXDyibcnu', 'Imb2dJyh00', '2018-04-12 01:18:21', '2018-04-12 01:18:21'),
(143, 'Ludie Hessel', 'dare.brionna@example.com', 2, '$2y$10$RgMQasdbq7ui2tExW3NxiOI9tBXWecHbxXQbEypmcCTCaXDyibcnu', 'XzCS95IEBV', '2018-04-12 01:18:21', '2018-04-12 01:18:21'),
(144, 'Herta Wyman II', 'trantow.carlee@example.com', 2, '$2y$10$RgMQasdbq7ui2tExW3NxiOI9tBXWecHbxXQbEypmcCTCaXDyibcnu', '086tMQYTes', '2018-04-12 01:18:21', '2018-04-12 01:18:21'),
(145, 'Eloise Jenkins', 'brennon.raynor@example.net', 2, '$2y$10$RgMQasdbq7ui2tExW3NxiOI9tBXWecHbxXQbEypmcCTCaXDyibcnu', 'Das7ngZK6n', '2018-04-12 01:18:21', '2018-04-12 01:18:21'),
(146, 'Aryanna Heidenreich', 'nmoen@example.org', 2, '$2y$10$RgMQasdbq7ui2tExW3NxiOI9tBXWecHbxXQbEypmcCTCaXDyibcnu', 'JIH5FQ5IGs', '2018-04-12 01:18:21', '2018-04-12 01:18:21'),
(147, 'Heath Cremin', 'gwaters@example.net', 2, '$2y$10$RgMQasdbq7ui2tExW3NxiOI9tBXWecHbxXQbEypmcCTCaXDyibcnu', '34Dqks1t1M', '2018-04-12 01:18:21', '2018-04-12 01:18:21'),
(148, 'Shanny Aufderhar', 'sgottlieb@example.net', 2, '$2y$10$RgMQasdbq7ui2tExW3NxiOI9tBXWecHbxXQbEypmcCTCaXDyibcnu', 'Sfmat5Cdb8', '2018-04-12 01:18:21', '2018-04-12 01:18:21'),
(149, 'Geraldine Casper', 'vivien.west@example.org', 2, '$2y$10$RgMQasdbq7ui2tExW3NxiOI9tBXWecHbxXQbEypmcCTCaXDyibcnu', 'A4bz7qjJps', '2018-04-12 01:18:21', '2018-04-12 01:18:21'),
(150, 'Miss Karelle Ferry', 'judge.fahey@example.net', 2, '$2y$10$RgMQasdbq7ui2tExW3NxiOI9tBXWecHbxXQbEypmcCTCaXDyibcnu', 'pZWmJv0AsM', '2018-04-12 01:18:21', '2018-04-12 01:18:21'),
(151, 'Mr. Lawrence Lynch', 'sidney.champlin@example.org', 2, '$2y$10$z5Mz3615JyLQU/x2uT3j9OSvk9YxVlIyIDmxnNuy6jaouN8VihqNO', 'Ez8f6LhBWJ', '2018-04-12 01:18:59', '2018-04-12 01:18:59'),
(152, 'Jace Bauch PhD', 'dakota02@example.com', 2, '$2y$10$z5Mz3615JyLQU/x2uT3j9OSvk9YxVlIyIDmxnNuy6jaouN8VihqNO', 'ouXEjSFFji', '2018-04-12 01:18:59', '2018-04-12 01:18:59'),
(153, 'Haleigh Kuhn', 'ryder09@example.org', 2, '$2y$10$z5Mz3615JyLQU/x2uT3j9OSvk9YxVlIyIDmxnNuy6jaouN8VihqNO', 'z2HAuJW8NT', '2018-04-12 01:18:59', '2018-04-12 01:18:59'),
(154, 'Delphine Connelly', 'kailey90@example.net', 2, '$2y$10$z5Mz3615JyLQU/x2uT3j9OSvk9YxVlIyIDmxnNuy6jaouN8VihqNO', 'vwn8xB0wRK', '2018-04-12 01:18:59', '2018-04-12 01:18:59'),
(155, 'Kelli Thompson', 'renee.mcclure@example.org', 2, '$2y$10$z5Mz3615JyLQU/x2uT3j9OSvk9YxVlIyIDmxnNuy6jaouN8VihqNO', '5HKo8JYNm2', '2018-04-12 01:18:59', '2018-04-12 01:18:59'),
(156, 'Anastasia Friesen Sr.', 'runte.guy@example.com', 2, '$2y$10$z5Mz3615JyLQU/x2uT3j9OSvk9YxVlIyIDmxnNuy6jaouN8VihqNO', '1gpCMAc4CM', '2018-04-12 01:18:59', '2018-04-12 01:18:59'),
(157, 'Ms. Roselyn Bode', 'donna.ward@example.com', 2, '$2y$10$z5Mz3615JyLQU/x2uT3j9OSvk9YxVlIyIDmxnNuy6jaouN8VihqNO', 'QN1NUf9TXS', '2018-04-12 01:18:59', '2018-04-12 01:18:59'),
(158, 'Raina Koepp DDS', 'gdaniel@example.com', 2, '$2y$10$z5Mz3615JyLQU/x2uT3j9OSvk9YxVlIyIDmxnNuy6jaouN8VihqNO', 'T2AkarrlRu', '2018-04-12 01:18:59', '2018-04-12 01:18:59'),
(159, 'Prof. Leanne Wuckert DVM', 'miles74@example.net', 2, '$2y$10$z5Mz3615JyLQU/x2uT3j9OSvk9YxVlIyIDmxnNuy6jaouN8VihqNO', 'mo0Tf4jdBr', '2018-04-12 01:18:59', '2018-04-12 01:18:59'),
(160, 'Miss Emmie Glover', 'simone.hettinger@example.org', 2, '$2y$10$z5Mz3615JyLQU/x2uT3j9OSvk9YxVlIyIDmxnNuy6jaouN8VihqNO', 'nqWQIJ1J8k', '2018-04-12 01:18:59', '2018-04-12 01:18:59'),
(161, 'Rick Buckridge', 'sage14@example.net', 2, '$2y$10$z5Mz3615JyLQU/x2uT3j9OSvk9YxVlIyIDmxnNuy6jaouN8VihqNO', 'x705NB3Yms', '2018-04-12 01:19:00', '2018-04-12 01:19:00'),
(162, 'Riley Feil', 'cassie.kessler@example.net', 2, '$2y$10$z5Mz3615JyLQU/x2uT3j9OSvk9YxVlIyIDmxnNuy6jaouN8VihqNO', '4N6EGV4s0U', '2018-04-12 01:19:00', '2018-04-12 01:19:00'),
(163, 'Broderick O\'Keefe', 'delia08@example.org', 2, '$2y$10$z5Mz3615JyLQU/x2uT3j9OSvk9YxVlIyIDmxnNuy6jaouN8VihqNO', 'I2npaqXTAq', '2018-04-12 01:19:00', '2018-04-12 01:19:00'),
(164, 'Emily Ryan', 'randi18@example.com', 2, '$2y$10$z5Mz3615JyLQU/x2uT3j9OSvk9YxVlIyIDmxnNuy6jaouN8VihqNO', 'WFZNtxKS5B', '2018-04-12 01:19:00', '2018-04-12 01:19:00'),
(165, 'Jamie Dach', 'grace.moen@example.com', 2, '$2y$10$z5Mz3615JyLQU/x2uT3j9OSvk9YxVlIyIDmxnNuy6jaouN8VihqNO', 'NYJ5ZeN7FV', '2018-04-12 01:19:00', '2018-04-12 01:19:00'),
(166, 'Dr. Ernest Hettinger', 'pkessler@example.org', 2, '$2y$10$z5Mz3615JyLQU/x2uT3j9OSvk9YxVlIyIDmxnNuy6jaouN8VihqNO', '2lvqVxP35h', '2018-04-12 01:19:00', '2018-04-12 01:19:00'),
(167, 'Terry Moore', 'vada22@example.net', 2, '$2y$10$z5Mz3615JyLQU/x2uT3j9OSvk9YxVlIyIDmxnNuy6jaouN8VihqNO', 'ZgEC1jgv4m', '2018-04-12 01:19:00', '2018-04-12 01:19:00'),
(168, 'Dominique Hagenes', 'colten.ortiz@example.net', 2, '$2y$10$z5Mz3615JyLQU/x2uT3j9OSvk9YxVlIyIDmxnNuy6jaouN8VihqNO', 'AekFkIaccQ', '2018-04-12 01:19:00', '2018-04-12 01:19:00'),
(169, 'Dewitt Tremblay', 'rempel.maria@example.com', 2, '$2y$10$z5Mz3615JyLQU/x2uT3j9OSvk9YxVlIyIDmxnNuy6jaouN8VihqNO', 'bpQSU7zTfB', '2018-04-12 01:19:00', '2018-04-12 01:19:00'),
(170, 'Hollie Macejkovic DDS', 'olga47@example.net', 2, '$2y$10$z5Mz3615JyLQU/x2uT3j9OSvk9YxVlIyIDmxnNuy6jaouN8VihqNO', 'ScIwAbAyay', '2018-04-12 01:19:00', '2018-04-12 01:19:00'),
(171, 'Mariana Abbott', 'snitzsche@example.net', 2, '$2y$10$z5Mz3615JyLQU/x2uT3j9OSvk9YxVlIyIDmxnNuy6jaouN8VihqNO', 'Iz7GD5fsuV', '2018-04-12 01:19:00', '2018-04-12 01:19:00'),
(172, 'Ole Bode', 'reilly.marquis@example.com', 2, '$2y$10$z5Mz3615JyLQU/x2uT3j9OSvk9YxVlIyIDmxnNuy6jaouN8VihqNO', 'PnWUbI30CC', '2018-04-12 01:19:00', '2018-04-12 01:19:00'),
(173, 'Alvera Kunze DVM', 'marcella.nader@example.org', 2, '$2y$10$z5Mz3615JyLQU/x2uT3j9OSvk9YxVlIyIDmxnNuy6jaouN8VihqNO', '75G7S70T4A', '2018-04-12 01:19:00', '2018-04-12 01:19:00'),
(174, 'Dr. Rusty Hegmann', 'hbeer@example.com', 2, '$2y$10$z5Mz3615JyLQU/x2uT3j9OSvk9YxVlIyIDmxnNuy6jaouN8VihqNO', '2iOSHsbemx', '2018-04-12 01:19:00', '2018-04-12 01:19:00'),
(175, 'Marquis Hagenes', 'tward@example.com', 2, '$2y$10$z5Mz3615JyLQU/x2uT3j9OSvk9YxVlIyIDmxnNuy6jaouN8VihqNO', 'cIwF7Q2FvD', '2018-04-12 01:19:00', '2018-04-12 01:19:00'),
(176, 'Sammy Bayer', 'kamille39@example.com', 2, '$2y$10$z5Mz3615JyLQU/x2uT3j9OSvk9YxVlIyIDmxnNuy6jaouN8VihqNO', 'OIzdTPwEHC', '2018-04-12 01:19:00', '2018-04-12 01:19:00'),
(177, 'Otha Watsica', 'tkiehn@example.net', 2, '$2y$10$z5Mz3615JyLQU/x2uT3j9OSvk9YxVlIyIDmxnNuy6jaouN8VihqNO', 'IcI6ONejbZ', '2018-04-12 01:19:00', '2018-04-12 01:19:00'),
(178, 'Miss Lisa Rice MD', 'ervin.prosacco@example.net', 2, '$2y$10$z5Mz3615JyLQU/x2uT3j9OSvk9YxVlIyIDmxnNuy6jaouN8VihqNO', 'XkO0jyxucL', '2018-04-12 01:19:00', '2018-04-12 01:19:00'),
(179, 'Felicia Blanda PhD', 'ibauch@example.com', 2, '$2y$10$z5Mz3615JyLQU/x2uT3j9OSvk9YxVlIyIDmxnNuy6jaouN8VihqNO', 'F0SFxTN2Gz', '2018-04-12 01:19:00', '2018-04-12 01:19:00'),
(180, 'Prof. Paolo Bogisich PhD', 'josh63@example.org', 2, '$2y$10$z5Mz3615JyLQU/x2uT3j9OSvk9YxVlIyIDmxnNuy6jaouN8VihqNO', 'tfWPxzHyLF', '2018-04-12 01:19:00', '2018-04-12 01:19:00'),
(181, 'Ronaldo Jaskolski', 'aubrey.walsh@example.org', 2, '$2y$10$z5Mz3615JyLQU/x2uT3j9OSvk9YxVlIyIDmxnNuy6jaouN8VihqNO', '5AnBsCwBH7', '2018-04-12 01:19:00', '2018-04-12 01:19:00'),
(182, 'Connor Leannon IV', 'earline57@example.net', 2, '$2y$10$z5Mz3615JyLQU/x2uT3j9OSvk9YxVlIyIDmxnNuy6jaouN8VihqNO', 'K0arEUdYpZ', '2018-04-12 01:19:00', '2018-04-12 01:19:00'),
(183, 'Thomas Cronin', 'melisa.dare@example.org', 2, '$2y$10$z5Mz3615JyLQU/x2uT3j9OSvk9YxVlIyIDmxnNuy6jaouN8VihqNO', 'logumgjkPB', '2018-04-12 01:19:00', '2018-04-12 01:19:00'),
(184, 'Prof. Caleb Schuppe', 'cruickshank.nicolette@example.org', 2, '$2y$10$z5Mz3615JyLQU/x2uT3j9OSvk9YxVlIyIDmxnNuy6jaouN8VihqNO', 'yPkxxeRuUD', '2018-04-12 01:19:00', '2018-04-12 01:19:00'),
(185, 'Althea Moore', 'janis.sporer@example.org', 2, '$2y$10$z5Mz3615JyLQU/x2uT3j9OSvk9YxVlIyIDmxnNuy6jaouN8VihqNO', 'eMl3mK0LvN', '2018-04-12 01:19:01', '2018-04-12 01:19:01'),
(186, 'Prof. Zoila Dach I', 'lydia.crooks@example.com', 2, '$2y$10$z5Mz3615JyLQU/x2uT3j9OSvk9YxVlIyIDmxnNuy6jaouN8VihqNO', '3DSV5Xw9KD', '2018-04-12 01:19:01', '2018-04-12 01:19:01'),
(187, 'Bennett Cormier', 'nbechtelar@example.net', 2, '$2y$10$z5Mz3615JyLQU/x2uT3j9OSvk9YxVlIyIDmxnNuy6jaouN8VihqNO', '2tCiBQeRVa', '2018-04-12 01:19:01', '2018-04-12 01:19:01'),
(188, 'Devyn Luettgen', 'swaniawski.tremayne@example.net', 2, '$2y$10$z5Mz3615JyLQU/x2uT3j9OSvk9YxVlIyIDmxnNuy6jaouN8VihqNO', 'c4fgOSBzrq', '2018-04-12 01:19:01', '2018-04-12 01:19:01'),
(189, 'Mrs. Ettie Schultz', 'art.oconner@example.org', 2, '$2y$10$z5Mz3615JyLQU/x2uT3j9OSvk9YxVlIyIDmxnNuy6jaouN8VihqNO', 'fQ5owUyJi2', '2018-04-12 01:19:01', '2018-04-12 01:19:01'),
(190, 'Jany Runolfsson', 'cmetz@example.org', 2, '$2y$10$z5Mz3615JyLQU/x2uT3j9OSvk9YxVlIyIDmxnNuy6jaouN8VihqNO', 'rJixxpaNuO', '2018-04-12 01:19:01', '2018-04-12 01:19:01'),
(191, 'Dr. Gage Douglas Sr.', 'lennie14@example.org', 2, '$2y$10$z5Mz3615JyLQU/x2uT3j9OSvk9YxVlIyIDmxnNuy6jaouN8VihqNO', 'u0C7270bY0', '2018-04-12 01:19:01', '2018-04-12 01:19:01'),
(192, 'Bernardo Jakubowski', 'fbechtelar@example.com', 2, '$2y$10$z5Mz3615JyLQU/x2uT3j9OSvk9YxVlIyIDmxnNuy6jaouN8VihqNO', 'I9vhWvOiYy', '2018-04-12 01:19:01', '2018-04-12 01:19:01'),
(193, 'Dr. Ted Rogahn', 'white.hudson@example.org', 2, '$2y$10$z5Mz3615JyLQU/x2uT3j9OSvk9YxVlIyIDmxnNuy6jaouN8VihqNO', 'DppRwCvYhb', '2018-04-12 01:19:01', '2018-04-12 01:19:01'),
(194, 'Werner Runte DDS', 'era19@example.org', 2, '$2y$10$z5Mz3615JyLQU/x2uT3j9OSvk9YxVlIyIDmxnNuy6jaouN8VihqNO', 'HY3qk6slcu', '2018-04-12 01:19:01', '2018-04-12 01:19:01'),
(195, 'Mrs. Lilly Nader V', 'chelsey.deckow@example.com', 2, '$2y$10$z5Mz3615JyLQU/x2uT3j9OSvk9YxVlIyIDmxnNuy6jaouN8VihqNO', 'ms8IULVzbB', '2018-04-12 01:19:01', '2018-04-12 01:19:01'),
(196, 'Electa Braun', 'oreilly@example.org', 2, '$2y$10$z5Mz3615JyLQU/x2uT3j9OSvk9YxVlIyIDmxnNuy6jaouN8VihqNO', 'ho7QFxuvxR', '2018-04-12 01:19:01', '2018-04-12 01:19:01'),
(197, 'Blaze Schumm II', 'mozelle03@example.org', 2, '$2y$10$z5Mz3615JyLQU/x2uT3j9OSvk9YxVlIyIDmxnNuy6jaouN8VihqNO', 'kiAMw055XY', '2018-04-12 01:19:01', '2018-04-12 01:19:01'),
(198, 'Avery Maggio MD', 'alysha90@example.com', 2, '$2y$10$z5Mz3615JyLQU/x2uT3j9OSvk9YxVlIyIDmxnNuy6jaouN8VihqNO', 'PMl0gOH7XA', '2018-04-12 01:19:01', '2018-04-12 01:19:01'),
(199, 'Miss Carolyne Kuphal', 'lcummings@example.net', 2, '$2y$10$z5Mz3615JyLQU/x2uT3j9OSvk9YxVlIyIDmxnNuy6jaouN8VihqNO', 'tBpGxvg6MO', '2018-04-12 01:19:01', '2018-04-12 01:19:01'),
(200, 'Dr. Destin Swaniawski Sr.', 'lbashirian@example.org', 2, '$2y$10$z5Mz3615JyLQU/x2uT3j9OSvk9YxVlIyIDmxnNuy6jaouN8VihqNO', 'yW01FOU9SP', '2018-04-12 01:19:01', '2018-04-12 01:19:01');

--
-- Indexes for dumped tables
--

--
-- Indexes for table `countries`
--
ALTER TABLE `countries`
  ADD PRIMARY KEY (`id`);

--
-- Indexes for table `gaurav`
--
ALTER TABLE `gaurav`
  ADD PRIMARY KEY (`id`);

--
-- Indexes for table `media`
--
ALTER TABLE `media`
  ADD PRIMARY KEY (`id`),
  ADD KEY `media_model_id_model_type_index` (`model_id`,`model_type`);

--
-- Indexes for table `migrations`
--
ALTER TABLE `migrations`
  ADD PRIMARY KEY (`id`);

--
-- Indexes for table `password_resets`
--
ALTER TABLE `password_resets`
  ADD KEY `password_resets_email_index` (`email`);

--
-- Indexes for table `phone`
--
ALTER TABLE `phone`
  ADD PRIMARY KEY (`id`);

--
-- Indexes for table `roles`
--
ALTER TABLE `roles`
  ADD PRIMARY KEY (`id`);

--
-- Indexes for table `role_user`
--
ALTER TABLE `role_user`
  ADD PRIMARY KEY (`id`);

--
-- Indexes for table `user`
--
ALTER TABLE `user`
  ADD PRIMARY KEY (`id`);

--
-- Indexes for table `users`
--
ALTER TABLE `users`
  ADD PRIMARY KEY (`id`),
  ADD UNIQUE KEY `users_email_unique` (`email`);

--
-- AUTO_INCREMENT for dumped tables
--

--
-- AUTO_INCREMENT for table `countries`
--
ALTER TABLE `countries`
  MODIFY `id` bigint(20) NOT NULL AUTO_INCREMENT, AUTO_INCREMENT=241;
--
-- AUTO_INCREMENT for table `gaurav`
--
ALTER TABLE `gaurav`
  MODIFY `id` int(10) UNSIGNED NOT NULL AUTO_INCREMENT, AUTO_INCREMENT=2;
--
-- AUTO_INCREMENT for table `media`
--
ALTER TABLE `media`
  MODIFY `id` int(10) UNSIGNED NOT NULL AUTO_INCREMENT, AUTO_INCREMENT=2;
--
-- AUTO_INCREMENT for table `migrations`
--
ALTER TABLE `migrations`
  MODIFY `id` int(10) UNSIGNED NOT NULL AUTO_INCREMENT, AUTO_INCREMENT=28;
--
-- AUTO_INCREMENT for table `phone`
--
ALTER TABLE `phone`
  MODIFY `id` bigint(20) NOT NULL AUTO_INCREMENT, AUTO_INCREMENT=4;
--
-- AUTO_INCREMENT for table `roles`
--
ALTER TABLE `roles`
  MODIFY `id` int(10) UNSIGNED NOT NULL AUTO_INCREMENT, AUTO_INCREMENT=4;
--
-- AUTO_INCREMENT for table `role_user`
--
ALTER TABLE `role_user`
  MODIFY `id` int(11) NOT NULL AUTO_INCREMENT, AUTO_INCREMENT=7;
--
-- AUTO_INCREMENT for table `user`
--
ALTER TABLE `user`
  MODIFY `id` int(11) NOT NULL AUTO_INCREMENT, AUTO_INCREMENT=4;
--
-- AUTO_INCREMENT for table `users`
--
ALTER TABLE `users`
  MODIFY `id` int(10) UNSIGNED NOT NULL AUTO_INCREMENT, AUTO_INCREMENT=201;
/*!40101 SET CHARACTER_SET_CLIENT=@OLD_CHARACTER_SET_CLIENT */;
/*!40101 SET CHARACTER_SET_RESULTS=@OLD_CHARACTER_SET_RESULTS */;
/*!40101 SET COLLATION_CONNECTION=@OLD_COLLATION_CONNECTION */;
